time,angle
17.00807361234788,-31.501075287161978
17.024748194320768,-31.660751096636602
17.041422776293658,-31.660751096636602
17.058097358266547,-31.660751096636602
17.074771940239437,-31.85799889132785
17.091446522212326,-31.698532138431368
17.10812110418522,-31.660751096636602
17.12479568615811,-31.599908372269102
17.141470268131,-31.698532138431368
17.158144850103888,-31.637793430058025
17.174819432076777,-31.73610359508048
17.191494014049667,-31.478849939452726
17.208168596022556,-31.599908372269102
17.22484317799545,-31.478849939452726
17.24151775996834,-31.599908372269102
17.25819234194123,-31.637793430058025
17.274866923914118,-31.478849939452726
17.291541505887007,-31.599908372269102
17.308216087859897,-31.675468738109213
17.32489066983279,-31.478849939452726
17.34156525180568,-31.73610359508048
17.35823983377857,-31.712936001214292
17.37491441575146,-31.615041164562378
17.391588997724348,-31.73610359508048
17.408263579697238,-31.53927496761904
17.42493816167013,-31.32011822262528
17.44161274364302,-31.122470196791994
17.45828732561591,-30.746203703013293
17.4749619075888,-30.54757174890702
17.49163648956169,-29.301180657652445
17.508311071534578,-28.072486935852957
17.524985653507468,-26.982119548561496
17.54166023548036,-25.674786219544046
17.55833481745325,-23.72365842990432
17.57500939942614,-21.40867990540212
17.59168398139903,-19.51869275315251
17.60835856337192,-17.085297944487298
17.62503314534481,-14.470294100065887
17.6417077273177,-11.969016723982477
17.65838230929059,-9.541378079916663
17.67505689126348,-7.049825080370264
17.69173147323637,-4.240866141293644
17.70840605520926,-1.0970191521906865
17.72508063718215,1.5810107799606652
17.741755219155042,4.0163039094919535
17.75842980112793,6.9441305109932365
17.77510438310082,9.243333151158355
17.79177896507371,11.546690545927323
17.8084535470466,13.684019752247501
17.82512812901949,15.646896711196819
17.84180271099238,18.09277504378657
17.858477292965272,19.38661843110062
17.87515187493816,21.867826511679826
17.89182645691105,23.636192977384884
17.90850103888394,24.07088952121546
17.92517562085683,25.13823729215973
17.94185020282972,25.77662691463786
17.958524784802613,26.51258252918695
17.975199366775502,26.825484744891362
17.991873948748392,26.56505117707799
18.00854853072128,26.722890390779877
18.02522311269417,26.56505117707799
18.04189769466706,26.30222834384147
18.058572276639953,25.56458319224688
18.075246858612843,24.76688231297774
18.091921440585732,23.446756929312485
18.108596022558622,21.668984962103927
18.12527060453151,20.054319279369423
18.1419451865044,18.17126202147962
18.158619768477294,16.27458377263609
18.175294350450184,13.919966043564566
18.191968932423073,11.239284199697675
18.208643514395963,8.847115798103367
18.225318096368852,5.698548618124176
18.24199267834174,2.783859969644833
18.25866726031463,-0.12062251550695383
18.275341842287524,-3.0127875041833403
18.292016424260414,-5.996474072411539
18.308691006233303,-8.230975101190328
18.325365588206193,-10.283570651135282
18.342040170179082,-13.11867179651228
18.358714752151972,-15.492602102266169
18.375389334124865,-17.431167010044756
18.392063916097754,-19.873497338284007
18.408738498070644,-21.412969474871762
18.425413080043533,-23.304890539203114
18.442087662016423,-24.968190337845794
18.458762243989312,-25.947885322001554
18.475436825962205,-27.283134359043068
18.492111407935095,-27.84376248412779
18.508785989907985,-28.510004943482517
18.525460571880874,-29.165299053145596
18.542135153853764,-29.06568431156967
18.558809735826653,-28.96587667559685
18.575484317799543,-28.931723886883347
18.592158899772436,-28.362983033978512
18.608833481745325,-27.90325367470923
18.625508063718215,-26.873920311829885
18.642182645691104,-25.686825776343643
18.658857227663994,-24.43433978142757
18.675531809636883,-22.92386591917665
18.692206391609776,-21.280750320367662
18.708880973582666,-19.4009339838051
18.725555555555555,-17.608985631046842
18.742230137528445,-15.192409009550273
18.758904719501334,-12.994616791916505
18.775579301474224,-10.773164907533063
18.792253883447117,-8.435767513351482
18.808928465420006,-6.260577467117551
18.825603047392896,-3.6214847041173397
18.842277629365785,-1.2188752351312977
18.858952211338675,1.5776628754977118
18.875626793311564,4.258846122170349
18.892301375284454,7.650650955359411
18.908975957257347,9.958979146730307
18.925650539230237,12.39799565444679
18.942325121203126,13.977867757597647
18.958999703176016,15.414126008572842
18.975674285148905,16.226498480030234
18.992348867121795,16.8723776096721
19.009023449094688,20.34410125591839
19.025698031067577,23.479602982779465
19.042372613040467,24.276567689740904
19.059047195013356,24.85841925947858
19.075721776986246,25.448004826759426
19.092396358959135,25.448004826759426
19.10907094093203,25.82099197418928
19.125745522904918,25.82099197418928
19.142420104877807,25.772994084915595
19.159094686850697,25.40238131877081
19.175769268823586,24.973910905883404
19.192443850796476,24.010799063899608
19.209118432769365,22.729732079944693
19.22579301474226,21.380287549196357
19.242467596715148,19.466849277845093
19.259142178688037,18.206982733377988
19.275816760660927,16.56020520375326
19.292491342633816,14.357470262604505
19.309165924606706,11.80773185119258
19.3258405065796,8.626527818094955
19.34251508855249,6.54038582819662
19.359189670525378,4.0078045423723365
19.375864252498268,1.335041333136235
19.392538834471157,-1.335041333136235
19.409213416444047,-3.9658407989839075
19.42588799841694,-6.234480095541226
19.44256258038983,-8.791765388481823
19.45923716236272,-10.070160172015747
19.47591174433561,-13.260859204184845
19.492586326308498,-16.789830371184742
19.509260908281387,-17.543257715400127
19.525935490254277,-20.3638703501095
19.54261007222717,-22.10605565193227
19.55928465420006,-22.92386591917665
19.57595923617295,-24.9609815373087
19.59263381814584,-25.21959820830636
19.609308400118728,-26.513526209390985
19.625982982091617,-27.17836348180057
19.64265756406451,-27.384970581213857
19.6593321460374,-27.684364489996163
19.67600672801029,-27.53520783519842
19.69268130998318,-27.482520822822718
19.70935589195607,-27.126256358806863
19.726030473928958,-26.463101499062404
19.74270505590185,-26.000831658743035
19.75937963787474,-24.77514056883192
19.77605421984763,-23.78738016919211
19.79272880182052,-22.42416517355813
19.80940338379341,-21.11242918926546
19.8260779657663,-19.246031801487558
19.84275254773919,-17.695689467514164
19.85942712971208,-15.574398009196354
19.87610171168497,-13.6097318958122
19.89277629365786,-11.657456191473143
19.90945087563075,-8.836591132408433
19.92612545760364,-6.682016572257864
19.94280003957653,-4.085616779974877
19.959474621549422,-2.635184582451431
19.97614920352231,0.36110307290682825
19.9928237854952,3.6063086225966603
20.00949836746809,5.9020170383789985
20.02617294944098,8.709516422004967
20.04284753141387,10.67149994357109
20.059522113386762,12.958615678518584
20.076196695359652,14.123186920939592
20.09287127733254,16.059987307160643
20.10954585930543,18.47247061160724
20.12622044127832,18.88608736970929
20.14289502325121,20.96982555246255
20.159569605224103,21.976424687002414
20.176244187196993,22.565599032604606
20.192918769169882,23.891092401547407
20.20959335114277,23.891092401547407
20.22626793311566,24.105045046607387
20.24294251508855,24.259786947299038
20.25961709706144,24.105045046607387
20.276291679034333,23.856079271163946
20.292966261007223,23.27520959008573
20.309640842980112,22.628885064387994
20.326315424953002,21.494783624192333
20.34299000692589,20.184178795282467
20.35966458889878,18.621579366487577
20.376339170871674,17.050539112972125
20.393013752844563,15.213584981073618
20.409688334817453,13.199657604620942
20.426362916790342,10.75096699318805
20.443037498763232,8.873284227210082
20.45971208073612,6.432074933258222
20.476386662709015,4.307032186002318
20.493061244681904,1.7861917934584648
20.509735826654794,-0.7161599454704085
20.526410408627683,-3.2194948968528294
20.543084990600573,-5.934587842165192
20.559759572573462,-8.046702442878898
20.57643415454635,-10.504299640878378
20.593108736519245,-12.503421898002248
20.609783318492134,-14.856314613320945
20.626457900465024,-16.665757516875402
20.643132482437913,-18.36177417622764
20.659807064410803,-20.111064586724616
20.676481646383692,-21.48203832630775
20.693156228356585,-22.8225406527901
20.709830810329475,-23.904426793893002
20.726505392302364,-24.51964268819076
20.743179974275254,-25.340750719018764
20.759854556248143,-25.497551493337784
20.776529138221033,-25.698544067152646
20.793203720193926,-25.801152716147993
20.809878302166815,-25.850804194174362
20.826552884139705,-25.698544067152646
20.843227466112594,-25.182847480381024
20.859902048085484,-24.671242630869795
20.876576630058373,-23.95085531392322
20.893251212031263,-22.972721330828662
20.909925794004156,-21.993175975795445
20.926600375977046,-20.556045219583467
20.943274957949935,-18.837146157025735
20.959949539922825,-17.47888206952029
20.976624121895714,-15.592810939266347
20.993298703868604,-13.354521198703456
21.009973285841497,-11.217891140321802
21.026647867814386,-9.132258677993628
21.043322449787276,-7.227618044445893
21.059997031760165,-4.763641690726178
21.076671613733055,-3.3315455065615316
21.093346195705944,-0.1196152323040288
21.110020777678837,2.749042902855606
21.126695359651727,4.426202927438745
21.143369941624616,7.808314483967366
21.160044523597506,8.972626614896393
21.176719105570395,11.753714798153249
21.193393687543285,13.633972789404366
21.210068269516174,13.97683884482361
21.226742851489067,17.050539112972125
21.243417433461957,18.285351827319506
21.260092015434847,19.295630603139188
21.276766597407736,20.528379466295103
21.293441179380626,20.707693945021234
21.310115761353515,21.86709051930778
21.326790343326408,22.890551656248327
21.343464925299298,22.628885064387994
21.360139507272187,22.890551656248327
21.376814089245077,22.8450122468565
21.393488671217966,22.367382819917065
21.410163253190856,21.976424687002414
21.42683783516375,21.05449761831669
21.44351241713664,20.154801451597518
21.460186999109528,18.847681418275183
21.476861581082417,17.608985631046842
21.493536163055307,15.880138777075272
21.510210745028196,14.32517586245036
21.52688532700109,12.477166642005708
21.54355990897398,10.443654459157107
21.56023449094687,8.282349417031316
21.576909072919758,6.234480095541226
21.593583654892647,4.1791122576835384
21.610258236865537,1.9131351786811253
21.626932818838426,-0.5955687726058444
21.64360740081132,-2.981461219982192
21.66028198278421,-5.485486807993727
21.6769565647571,-7.727798050501592
21.693631146729988,-9.617752900364426
21.710305728702878,-11.447883522490823
21.726980310675767,-13.40883840722376
21.74365489264866,-15.172915345525261
21.76032947462155,-16.777334227812265
21.77700405659444,-18.36130390266494
21.79367863856733,-19.75523241147843
21.810353220540218,-20.98784697009377
21.827027802513108,-21.97263282277641
21.843702384486,-23.001594428320637
21.86037696645889,-23.53064874248062
21.87705154843178,-23.694971038593
21.89372613040467,-24.19625258779125
21.91040071237756,-24.301167786979768
21.92707529435045,-24.102234501161142
21.943749876323338,-24.19625258779125
21.96042445829623,-23.892502308026604
21.97709904026912,-23.635954381168922
21.99377362224201,-23.017561796881367
22.0104482042149,-22.442753365294347
22.02712278618779,-21.136953990967257
22.04379736816068,-19.855214369321057
22.06047195013357,-19.67713713672595
22.07714653210646,-17.700427788667195
22.09382111407935,-15.111828377786567
22.11049569605224,-13.554777662088126
22.12717027802513,-11.56274012928806
22.14384485999802,-9.308042461038895
22.160519441970912,-7.492763413912644
22.1771940239438,-4.9903007988212815
22.19386860591669,-3.212815596653591
22.21054318788958,-1.1910088724417596
22.22721776986247,2.1342587625022915
22.24389235183536,3.9328962722305385
22.26056693380825,6.418786730238786
22.277241515781142,8.583621480113948
22.293916097754032,9.677351418414435
22.31059067972692,12.683278095207934
22.32726526169981,13.37605077893356
22.3439398436727,14.954274535773274
22.36061442564559,17.27648364341379
22.377289007618483,17.27648364341379
22.393963589591372,18.956482476517916
22.410638171564262,20.224859431168078
22.42731275353715,20.253840601945367
22.44398733551004,21.47500333548889
22.46066191748293,21.323231230098433
22.477336499455824,21.2384305274357
22.494011081428713,21.40867990540212
22.510685663401603,20.81779377393733
22.527360245374492,20.583459466062315
22.54403482734738,19.88281644488717
22.56070940932027,18.695551610993434
22.57738399129316,18.174684255747273
22.594058573266054,16.462579299528837
22.610733155238943,15.379090625379346
22.627407737211833,13.807519016201312
22.644082319184722,11.797248130723753
22.66075690115761,10.262381566767074
22.6774314831305,8.096537167888455
22.694106065103394,6.445418036259688
22.710780647076284,4.4078332471459785
22.727455229049173,2.2434297342040384
22.744129811022063,0.23724824865332556
22.760804392994952,-1.90518622924298
22.777478974967842,-4.018308993594093
22.794153556940735,-5.898063321703185
22.810828138913624,-7.929884953004663
22.827502720886514,-10.021569881716147
22.844177302859404,-12.111059759603325
22.860851884832293,-13.726234897177179
22.877526466805183,-15.163412927622288
22.894201048778072,-16.710356681393677
22.910875630750965,-17.885804812356334
22.927550212723855,-19.126981164210797
22.944224794696744,-20.21917363387474
22.960899376669634,-20.90556933691551
22.977573958642523,-21.588652278152473
22.994248540615413,-22.14270569984544
23.010923122588306,-22.249023657212366
23.027597704561195,-22.523141041359356
23.044272286534085,-22.46117570444105
23.060946868506974,-22.37392412737544
23.077621450479864,-22.268253654648753
23.094296032452753,-22.056433527039353
23.110970614425646,-21.48203832630775
23.127645196398536,-20.890010774718505
23.144319778371425,-20.502359801222667
23.160994360344315,-19.41457852439166
23.177668942317204,-17.635186587650217
23.194343524290094,-16.90839216396815
23.211018106262987,-15.154068050312599
23.227692688235877,-12.742596939028628
23.244367270208766,-11.900589688666885
23.261041852181656,-9.347577809664934
23.277716434154545,-7.02363362948621
23.294391016127435,-5.162603815925527
23.311065598100324,-2.827124578161273
23.327740180073217,-0.821809328252705
23.344414762046107,1.4086287353384672
23.361089344018996,3.290590529052943
23.377763925991886,5.194428907734806
23.394438507964775,7.781046222983524
23.411113089937665,9.520021865774144
23.427787671910558,11.609907636324122
23.444462253883447,12.503421898002248
23.461136835856337,14.32030549107843
23.477811417829226,15.913189170468403
23.494485999802116,16.587338556927413
23.511160581775005,17.84656612281728
23.5278351637479,18.50868852418164
23.544509745720788,19.356023481472615
23.561184327693677,19.833924999496023
23.577858909666567,19.90374953730784
23.594533491639456,19.86429740341001
23.611208073612346,19.873497338284007
23.627882655585235,19.64601809359029
23.64455723755813,19.13140831962846
23.661231819531018,18.508217043231436
23.677906401503908,17.882273557973857
23.694580983476797,16.777334227812265
23.711255565449687,15.736756729654056
23.727930147422576,14.517709273764831
23.74460472939547,13.160488614174175
23.76127931136836,11.492693511309966
23.777953893341248,9.84582236785257
23.794628475314138,8.080581381601075
23.811303057287027,6.314417667795504
23.827977639259917,4.559950087411836
23.84465222123281,2.7983811188056533
23.8613268032057,0.9372706528277263
23.87800138517859,-0.9353581957571454
23.89467596715148,-2.926683993090864
23.911350549124368,-5.004987270512883
23.928025131097257,-6.506637117616014
23.944699713070147,-9.195566266093916
23.96137429504304,-10.54181741189519
23.97804887701593,-12.11876033472519
23.99472345898882,-13.260150720556473
24.01139804096171,-14.78425998402442
24.028072622934598,-16.086595509822413
24.044747204907488,-17.279074795001836
24.06142178688038,-18.39898160886866
24.07809636885327,-19.332928261523826
24.09477095082616,-19.905588179869078
24.11144553279905,-20.01215626396701
24.12812011477194,-20.37036510267009
24.144794696744828,-20.794114955503648
24.16146927871772,-20.83430653086452
24.17814386069061,-20.83430653086452
24.1948184426635,-20.768595246685596
24.21149302463639,-20.754071318799394
24.22816760660928,-20.37036510267009
24.24484218858217,-19.50911882129463
24.26151677055506,-18.72214330742918
24.27819135252795,-18.039315704469384
24.29486593450084,-17.462706482464288
24.31154051647373,-15.615842874048713
24.32821509844662,-13.9531660304789
24.34488968041951,-12.454349298158563
24.3615642623924,-10.704006749277976
24.378238844365292,-9.103874526653524
24.39491342633818,-7.039351155551287
24.41158800831107,-6.136020567311014
24.42826259028396,-4.176457518883954
24.44493717225685,-0.46675773550449806
24.46161175422974,1.2807898204037973
24.478286336202633,3.2704879231835653
24.494960918175522,5.733841575871986
24.51163550014841,7.009384256621249
24.5283100821213,9.15490313521233
24.54498466409419,10.55518143294881
24.56165924606708,12.086621938700578
24.57833382803997,13.613300021906008
24.595008410012863,14.404608883874749
24.611682991985752,15.84915448049752
24.628357573958642,16.69924423399362
24.64503215593153,17.444025182546
24.66170673790442,18.103763034506628
24.67838131987731,18.398291259457324
24.695055901850203,18.692208451753338
24.711730483823093,18.877378480961482
24.728405065795982,18.508217043231436
24.745079647768872,18.582049345707546
24.76175422974176,18.103763034506628
24.77842881171465,17.47888206952029
24.795103393687544,16.855029616882874
24.811777975660434,15.817325078705936
24.828452557633323,14.968948798285627
24.845127139606213,13.695876504409027
24.861801721579102,12.389124126262143
24.87847630355199,11.172422867206857
24.89515088552488,9.654977095656193
24.911825467497774,8.229516562394902
24.928500049470664,6.327278566161664
24.945174631443553,4.569254719797718
24.961849213416443,3.1475143988052623
24.978523795389332,1.0544045035218386
24.99519837736222,-0.4696270196896474
25.011872959335115,-2.229652120334294
25.028547541308004,-4.666858371438996
25.045222123280894,-5.966220552966901
25.061896705253783,-8.080581381601075
25.078571287226673,-9.940573033113026
25.095245869199562,-10.648242415862587
25.111920451172455,-12.264773727892402
25.128595033145345,-13.671307132195833
25.145269615118234,-15.012940027617827
25.161944197091124,-16.357019177626526
25.178618779064013,-16.984732531988584
25.195293361036903,-17.60042713853159
25.211967943009796,-18.43494882292201
25.228642524982686,-19.085188264382435
25.245317106955575,-19.515873009582698
25.261991688928465,-19.48446983550863
25.278666270901354,-19.41457852439166
25.295340852874244,-19.338592810434964
25.312015434847133,-19.338592810434964
25.328690016820026,-19.376514034341344
25.345364598792916,-19.0517889876061
25.362039180765805,-18.65225162239754
25.378713762738695,-18.036816523021535
25.395388344711584,-17.237681240059
25.412062926684474,-15.787947054289644
25.428737508657367,-14.649904105812965
25.445412090630256,-13.756207674754314
25.462086672603146,-11.513831184487012
25.478761254576035,-10.014691266739574
25.495435836548925,-8.409912899483016
25.512110418521814,-6.34019174590991
25.528785000494707,-4.832072038088597
25.545459582467597,-2.5918667052349997
25.562134164440486,-0.9449993239990347
25.578808746413376,0.3536731592464612
25.595483328386265,2.7039516664508305
25.612157910359155,3.892476235155931
25.628832492332045,6.613460482314756
25.645507074304938,8.513290281236335
25.662181656277827,9.578422919460744
25.678856238250717,11.609907636324122
25.695530820223606,12.46493284206499
25.712205402196496,13.723620789269546
25.728879984169385,14.946526824283355
25.745554566142278,15.542931464547657
25.762229148115168,16.50852078497915
25.778903730088057,16.95667616623314
25.795578312060947,17.21450030591091
25.812252894033836,17.731286845784823
25.828927476006726,17.731286845784823
25.84560205797962,17.584267031102016
25.86227663995251,17.584267031102016
25.878951221925398,17.05951949043173
25.895625803898287,16.65430637692333
25.912300385871177,15.993584097729952
25.928974967844066,15.203640029117352
25.945649549816956,14.29355811304739
25.96232413178985,13.091893064346847
25.97899871376274,12.234723496637395
25.995673295735628,10.684912400002716
26.012347877708518,9.308042461038895
26.029022459681407,8.046702442878898
26.045697041654297,6.119674779113876
26.06237162362719,5.173168879206599
26.07904620560008,3.0560109528855315
26.09572078757297,1.7678270558560691
26.112395369545858,0.5894419564222985
26.129069951518748,-1.764199317158826
26.145744533491637,-3.290590529052943
26.16241911546453,-5.279280055645682
26.17909369743742,-7.1394959491781025
26.19576827941031,-8.755002839481362
26.2124428613832,-10.304846468766033
26.22911744335609,-11.560130794217766
26.245792025328978,-12.829899465291403
26.262466607301867,-13.980290576032676
26.27914118927476,-15.29559611032103
26.29581577124765,-15.96119291720664
26.31249035322054,-16.798371781305296
26.32916493519343,-17.52556837372287
26.34583951716632,-17.70972452386276
26.362514099139208,-17.998694973021557
26.3791886811121,-18.65225162239754
26.39586326308499,-18.580184961821406
26.41253784505788,-18.507291940429152
26.42921242703077,-18.543669336671954
26.44588700900366,-18.43494882292201
26.46256159097655,-18.21709519782485
26.47923617294944,-17.34025823106898
26.49591075492233,-16.721327786383622
26.51258533689522,-15.992878580256825
26.52925991886811,-15.012940027617827
26.545934500841,-13.644004650245956
26.56260908281389,-12.466120885681736
26.57928366478678,-10.876745419427772
26.595958246759672,-9.2141247822841
26.61263282873256,-7.602349593092803
26.62930741070545,-5.733841575871986
26.64598199267834,-4.227727409439897
26.66265657465123,-2.1124112702291
26.67933115662412,-0.11765030592592854
26.696005738597012,1.5259610950415503
26.712680320569902,3.510678430267298
26.72935490254279,4.832072038088597
26.74602948451568,6.366176224633251
26.76270406648857,7.680275583995445
26.77937864846146,9.211026540816666
26.796053230434353,10.388857815469612
26.812727812407243,11.792170132502115
26.829402394380132,12.897878038923404
26.84607697635302,14.007738107336516
26.86275155832591,14.60604844656653
26.8794261402988,15.398819747713386
26.896100722271694,15.800384395136543
26.912775304244583,16.090816348852172
26.929449886217473,16.554050561619675
26.946124468190362,16.554050561619675
26.96279905016325,16.316602799698973
26.97947363213614,16.171032122156838
26.99614821410903,16.025867448449763
27.012822796081924,15.913189170468403
27.029497378054813,15.285928404074435
27.046171960027703,14.462966805584049
27.062846542000592,13.6373732765477
27.079521123973482,12.617618633727043
27.09619570594637,11.701259555632308
27.112870287919264,10.41007275911581
27.129544869892154,9.229886243727718
27.146219451865043,7.796991110234612
27.162894033837933,5.885987833028267
27.179568615810823,5.066584316229892
27.196243197783712,2.9326708377082165
27.212917779756605,1.6466530916060065
27.229592361729495,0.1181354604544702
27.246266943702384,-2.2342258264495554
27.262941525675274,-3.649724599382997
27.279616107648163,-5.6290416560542615
27.296290689621053,-7.5019568284989315
27.312965271593942,-8.277983303559719
27.329639853566835,-9.92052593796463
27.346314435539725,-11.19629561486448
27.362989017512614,-12.175912517799759
27.379663599485504,-13.616808943640967
27.396338181458393,-14.567521462390948
27.413012763431283,-15.48716584582111
27.429687345404176,-16.246366262518794
27.446361927377065,-16.467546793002704
27.463036509349955,-17.52556837372287
27.479711091322844,-17.744671625056935
27.496385673295734,-17.88929122950629
27.513060255268623,-18.17965423198297
27.529734837241516,-17.88929122950629
27.546409419214406,-17.779752459193386
27.563084001187296,-17.271742577680875
27.579758583160185,-17.19592030704848
27.596433165133075,-16.500262971210287
27.613107747105964,-15.69124384669853
27.629782329078854,-14.879180873700221
27.646456911051747,-13.811334791861688
27.663131493024636,-12.654870826990168
27.679806074997526,-11.469530332866904
27.696480656970415,-10.055147902815774
27.713155238943305,-8.577069896877552
27.729829820916194,-7.183288161521435
27.746504402889087,-5.652104203638098
27.763178984861977,-4.010050877772057
27.779853566834866,-2.351687931242729
27.796528148807756,-0.5918774940644808
27.813202730780645,0.946951446773465
27.829877312753535,2.597203450222775
27.846551894726428,4.136090218258769
27.863226476699317,5.462816393439307
27.879901058672207,7.4773303066608
27.896575640645096,8.548312295653076
27.913250222617986,9.850630593577094
27.929924804590875,11.055080303312344
27.946599386563765,12.004112312331062
27.963273968536658,12.950468411446634
27.979948550509548,13.692987787228487
27.996623132482437,14.150435204151405
28.013297714455327,14.839939161912914
28.029972296428216,15.068488159492212
28.046646878401106,15.327763195301955
28.063321460374,15.296547314430068
28.079996042346888,15.34791365802481
28.096670624319778,15.26545530397632
28.113345206292667,14.89347295884161
28.130019788265557,14.779560180119557
28.146694370238446,14.322719978203553
28.16336895221134,13.779441394908392
28.18004353418423,12.924120636148444
28.19671811615712,12.234723496637395
28.213392698130008,11.125405641758725
28.230067280102897,9.870876020264195
28.246741862075787,8.764100827877995
28.263416444048676,7.431407971172507
28.28009102602157,6.496381580313682
28.29676560799446,4.969740728110304
28.31344018996735,3.186372974639161
28.330114771940238,1.650039395577879
28.346789353913127,0.4725317977744817
28.363463935886017,-1.650039395577879
28.38013851785891,-3.4078394088933806
28.3968130998318,-4.802506042583536
28.41348768180469,-6.443473796300031
28.43016226377758,-7.5019568284989315
28.446836845750468,-9.347577809664934
28.463511427723358,-10.626787826785922
28.48018600969625,-11.924523937611905
28.49686059166914,-13.194131947461187
28.51353517364203,-13.868303217523387
28.53020975561492,-14.790459310150451
28.54688433758781,-15.739808835770459
28.5635589195607,-16.103583736187403
28.58023350153359,-16.65524671565908
28.59690808350648,-16.798371781305296
28.61358266547937,-17.161918802865298
28.63025724745226,-17.19592030704848
28.64693182942515,-16.941881310818957
28.66360641139804,-16.941881310818957
28.68028099337093,-16.54516452221016
28.69695557534382,-16.135588661305526
28.71363015731671,-15.437524176531939
28.7303047392896,-14.708303899682749
28.74697932126249,-13.896019128427891
28.76365390323538,-12.829899465291403
28.78032848520827,-11.924523937611905
28.797003067181162,-10.833046391970687
28.81367764915405,-9.251465490270501
28.83035223112694,-8.196111287524687
28.84702681309983,-7.052306007841189
28.86370139507272,-5.523772427619184
28.88037597704561,-3.9854786130516846
28.897050559018503,-2.238818325736255
28.913725140991392,-0.588231688464347
28.93039972296428,0.9430552324710091
28.94707430493717,2.3565213457893552
28.96374888691006,3.892476235155931
28.98042346888295,5.451551098712734
28.99709805085584,6.861522030912379
29.013772632828733,7.813001073695116
29.030447214801622,9.151040899809178
29.047121796774512,10.41007275911581
29.0637963787474,11.102756994614063
29.08047096072029,11.633633998940438
29.09714554269318,12.757532160876679
29.113820124666073,13.12641178913842
29.130494706638963,13.29440730067431
29.147169288611853,13.6373732765477
29.163843870584742,13.665125023942625
29.18051845255763,13.865466687480625
29.19719303453052,13.550697637918345
29.213867616503414,13.6373732765477
29.230542198476304,13.436159989165196
29.247216780449193,13.40883840722376
29.263891362422083,13.065221536847313
29.280565944394972,12.809479511997848
29.29724052636786,12.324727434137365
29.31391510834075,11.286782665375663
29.330589690313644,10.41007275911581
29.347264272286534,9.48171820576577
29.363938854259423,7.781046222983524
29.380613436232313,6.730483934615653
29.397288018205202,5.311816259718486
29.413962600178092,3.7517290705259754
29.430637182150985,2.4640768100662234
29.447311764123874,1.17875916991123
29.463986346096764,-0.35440236367431793
29.480660928069653,-2.129853202265453
29.497335510042543,-3.7826454465963018
29.514010092015432,-5.076997811751385
29.530684673988326,-6.627059432872449
29.547359255961215,-8.013816501473896
29.564033837934105,-9.211026540816666
29.580708419906994,-10.669782804496677
29.597383001879884,-11.606799141344908
29.614057583852773,-12.819775163395672
29.630732165825663,-13.866896829494483
29.647406747798556,-14.879180873700221
29.664081329771445,-15.72258010383803
29.680755911744335,-16.31114250905532
29.697430493717224,-16.865094155322538
29.714105075690114,-17.19592030704848
29.730779657663003,-17.30593466474926
29.747454239635896,-17.595109085419715
29.764128821608786,-17.34025823106898
29.780803403581675,-17.271742577680875
29.797477985554565,-16.975499467929744
29.814152567527454,-16.57794850014041
29.830827149500344,-16.071702181883232
29.847501731473237,-15.265218434931503
29.864176313446126,-14.567521462390948
29.880850895419016,-13.756207674754314
29.897525477391905,-12.691650544329438
29.914200059364795,-11.763571288596717
29.930874641337684,-10.470410839476516
29.947549223310574,-9.2327577088574
29.964223805283467,-8.212780189285887
29.980898387256357,-6.819480552903885
29.997572969229246,-5.769070132415844
30.014247551202136,-4.929123434417692
30.030922133175025,-3.186372974639161
30.047596715147915,-1.5353955253360199
30.064271297120808,-0.4725317977744817
30.080945879093697,0.9449993239990347
30.097620461066587,2.2480601688188573
30.114295043039476,3.4359943422945856
30.130969625012366,7.3448200513389414
30.147644206985255,8.079857602773986
30.16431878895815,9.384553976837514
30.180993370931038,10.007979801441337
30.197667952903927,11.055080303312344
30.214342534876817,11.447883522490823
30.231017116849706,11.609907636324122
30.247691698822596,12.184960748678375
30.26436628079549,12.579884833586792
30.28104086276838,12.490405717909185
30.297715444741268,12.6055773543846
30.314390026714158,12.490405717909185
30.331064608687047,12.490405717909185
30.347739190659937,12.259755266005167
30.364413772632826,12.094757077012101
30.38108835460572,11.494607997300836
30.39776293657861,11.286782665375663
30.414437518551498,10.939091183192152
30.431112100524388,10.431373564185648
30.447786682497277,9.617752900364426
30.464461264470167,8.197075765515255
30.48113584644306,6.978667294220091
30.49781042841595,6.1322224976793045
30.51448501038884,4.959523934439511
30.53115959236173,3.892476235155931
30.547834174334618,3.0622870854000537
30.564508756307507,1.653439652087851
30.5811833382804,0.3529469493841088
30.59785792025329,-1.6466530916060065
30.61453250222618,-3.17331405262142
30.63120708419907,-4.919072383064986
30.64788166617196,-7.009384256621249
30.664556248144848,-7.948839348118677
30.681230830117737,-9.347577809664934
30.69790541209063,-10.398382031531542
30.71457999406352,-11.19629561486448
30.73125457603641,-12.466120885681736
30.7479291580093,-12.96856931098035
30.76460373998219,-13.644004650245956
30.781278321955078,-14.53858034365583
30.79795290392797,-14.649904105812965
30.81462748590086,-15.29559611032103
30.83130206787375,-15.376251248826188
30.84797664984664,-15.376251248826188
30.86465123181953,-15.456509014325526
30.88132581379242,-15.204815134320704
30.89800039576531,-15.094062825036577
30.9146749777382,-14.731884120873593
30.93134955971109,-14.315596590816334
30.94802414168398,-13.924773220409437
30.96469872365687,-13.115348237729252
30.98137330562976,-12.328517401522031
30.99804788760265,-11.536935167055418
31.014722469575542,-10.74086319038079
31.03139705154843,-9.80609275989709
31.04807163352132,-8.507799069635704
31.06474621549421,-7.356104703158442
31.0814207974671,-5.74553668643802
31.09809537943999,-3.9773545347392183
31.114769961412883,-2.459043990104621
31.131444543385772,-0.8184554616886145
31.14811912535866,0.7029804227355815
31.16479370733155,2.8098081360702802
31.18146828930444,3.8607326248832723
31.19814287127733,5.236511734918081
31.214817453250223,6.893694751299836
31.231492035223113,7.1394959491781025
31.248166617196002,6.6757037369032455
31.26484119916889,7.617808776835809
31.28151578114178,7.7493501061900165
31.29819036311467,9.48147826866695
31.31486494508756,10.190213377879104
31.331539527060453,10.325723049920166
31.348214109033343,11.697214151020084
31.364888691006232,11.720811498809491
31.381563272979122,11.858638248016227
31.39823785495201,11.924523937611905
31.4149124369249,11.97267818608292
31.431587018897794,11.948553250418508
31.448261600870683,11.948553250418508
31.464936182843573,11.900589688666885
31.481610764816462,11.536935167055418
31.498285346789352,11.355550123229202
31.51495992876224,10.762537223142463
31.531634510735135,10.325723049920166
31.548309092708024,9.596369575949355
31.564983674680914,8.409912899483016
31.581658256653803,7.125016348901798
31.598332838626693,6.173298842682881
31.615007420599582,5.004987270512883
31.63168200257247,3.8217727758687947
31.648356584545365,2.6603147326195264
31.665031166518254,1.2756061533004714
31.681705748491144,0.11621846031255145
31.698380330464033,-1.04585140535736
31.715054912436923,-2.665692225080247
31.731729494409812,-3.8217727758687947
31.748404076382705,-5.07960786001457
31.765078658355595,-6.2383326896393125
31.781753240328484,-7.6098371575519455
31.798427822301374,-8.650072464757029
31.815102404274263,-9.556527613948674
31.831776986247153,-10.47896610645727
31.848451568220046,-11.422321069602287
31.865126150192935,-11.623755984065646
31.881800732165825,-12.094757077012101
31.898475314138715,-13.371331969891926
31.915149896111604,-13.73133411862882
31.931824478084494,-14.119602933134908
31.948499060057387,-14.395546588904146
31.965173642030276,-14.230653995020598
31.981848224003166,-14.341595991032346
31.998522805976055,-14.063922586310971
32.015197387948945,-13.73133411862882
32.03187196992184,-13.424370055032282
32.048546551894724,-13.174926607251024
32.06522113386762,-12.90045079652109
32.0818957158405,-12.367096212001254
32.098570297813396,-11.646830470063817
32.11524487978629,-11.040940180323732
32.131919461759175,-10.253598021330177
32.14859404373207,-9.367681099000658
32.165268625704954,-8.081284604384598
32.18194320767785,-7.153564318394415
32.19861778965073,-6.49352531253926
32.215292371623626,-5.215385665949145
32.23196695359652,-3.5980400613613313
32.248641535569405,-3.1347710957199486
32.2653161175423,-1.9709393250128944
32.281990699515184,-0.579896994928469
32.29866528148808,0.3479458006656868
32.31533986346096,2.3137224978242164
32.332014445433856,3.9292961151793864
32.34868902740675,5.445816455178771
32.365363609379635,6.36570188648296
32.38203819135253,7.625091501510004
32.398712773325414,8.097492352262751
32.41538735529831,8.342368448761821
32.4320619372712,9.254043689015539
32.448736519244086,9.880670946429502
32.46541110121698,9.727578551401603
32.482085683189865,10.6763556826958
32.49876026516276,10.746681060306397
32.515434847135644,11.016110539369508
32.53210942910854,11.242180302785526
32.54878401108143,11.084891292242348
32.565458593054316,10.99413216287796
32.58213317502721,10.768144561107833
32.598807757000095,10.407711312490058
32.61548233897299,9.954606943555696
32.632156920945874,9.2726017772003
32.64883150291877,9.00850374202516
32.66550608489166,8.113764806975988
32.68218066686455,7.3116468924673645
32.69885524883744,6.378533774212602
32.715529830810326,5.194428907734806
32.73220441278322,4.274765357770672
32.74887899475611,2.873881596416573
32.765553576729,1.7287241090027554
32.78222815870189,0.6930603027112446
32.79890274067478,-0.6930603027112446
32.81557732264767,-1.4983407094551355
32.832251904620556,-2.9946348658067357
32.84892648659345,-4.372257081979611
32.86560106856634,-5.527540151656172
32.88227565053923,-6.770028453130589
32.89895023251212,-7.549421768263273
32.91562481448501,-8.259437979878806
32.9322993964579,-9.51862331618662
32.94897397843079,-10.549611570812315
32.96564856040368,-10.885527054658738
32.98232314237657,-11.689369175439193
32.99899772434946,-12.04703049120517
33.01567230632235,-12.405192411172434
33.03234688829524,-12.849650848579127
33.04902147026813,-12.849650848579127
33.06569605224102,-13.071295112773667
33.08237063421391,-13.097052522190898
33.0990452161868,-13.156108696377098
33.11571979815969,-13.13034832246336
33.13239438013258,-12.96052231244592
33.14906896210547,-12.713632163273001
33.16574354407836,-12.516451492066144
33.18241812605125,-12.13443558833737
33.19909270802414,-11.577876488822744
33.21576728999703,-11.242867604710957
33.23244187196992,-10.528776248698538
33.24911645394281,-9.705178638742687
33.265791035915704,-8.95479412885125
33.28246561788859,-7.806400829235756
33.29914019986148,-6.8836827286158435
33.31581478183437,-5.961089782578591
33.33248936380726,-4.820766078092657
33.34916394578015,-3.332737430412266
33.36583852775304,-2.6390198338480877
33.382513109725934,-1.9512057766588216
33.39918769169882,0.2296411731966412
33.41586227367171,1.603862771154931
33.4325368556446,2.070030653041098
33.44921143761749,2.868131940686689
33.46588601959038,4.477879573849643
33.48256060156327,5.641961771426727
33.499235183536165,6.5687641218211255
33.51590976550905,7.6098371575519455
33.532584347481944,7.806400829235756
33.54925892945483,8.355929144549945
33.56593351142772,9.085753331733894
33.582608093400616,9.48101577327197
33.5992826753735,9.762986051087752
33.615957257346395,10.027908767424808
33.63263183931928,10.120649205284158
33.649306421292174,10.100584305564178
33.66598100326506,10.100584305564178
33.68265558523795,9.895232146101991
33.699330167210846,9.875596073266426
33.71600474918373,9.40600265259335
33.732679331156625,8.937031809258354
33.74935391312951,8.615648184164113
33.766028495102404,7.775434079160046
33.78270307707529,7.096694166575359
33.79937765904818,6.188615963241602
33.816052241021076,5.402247290950141
33.83272682299396,4.363511391661926
33.849401404966855,3.0006614134621494
33.86607598693974,1.9512057766588216
33.882750568912634,0.920334966849057
33.89942515088553,-0.2301022950972138
33.91609973285841,-1.383130368028013
33.932774314831306,-2.5294942048377527
33.94944889680419,-3.5548886693813615
33.966123478777085,-4.687765847628181
33.98279806074997,-5.494512421014915
33.999472642722864,-6.377845045755358
34.01614722469576,-6.955711410950602
34.03282180666864,-7.938264523545486
34.049496388641536,-8.866676044144272
34.06617097061442,-9.593134262730338
34.082845552587315,-10.244087446458629
34.0995201345602,-10.66817576499094
34.116194716533094,-11.154659738928299
34.13286929850599,-11.487181033141537
34.14954388047887,-11.818919829401144
34.166218462451766,-11.92932217723833
34.18289304442465,-11.92932217723833
34.199567626397545,-12.06319785160936
34.21624220837044,-12.039634711309567
34.232916790343324,-12.039634711309567
34.24959137231622,-11.795852646786354
34.2662659542891,-11.731380471379419
34.282940536262,-11.5751888173962
34.29961511823488,-11.132820891274134
34.316289700207776,-10.889785697397521
34.33296428218067,-10.446242429420627
34.349638864153555,-9.705178638742687
34.36631344612645,-9.049724708686991
34.382988028099334,-8.13010235415598
34.39966261007223,-7.224315694045337
34.41633719204511,-6.869992308214259
34.433011774018006,-5.505477857978346
34.4496863559909,-4.134671373736423
34.466360937963785,-3.7062892972123382
34.48303551993668,-3.122130462115708
34.499710101909564,-2.309062789025683
34.51638468388246,-1.159675208483569
34.53305926585535,-0.9240453527727062
34.549733847828236,0.23056527258912796
34.56640842980113,0.4611230780716648
34.583083011774015,0.34584557537320665
34.59975759374691,0.5752395019996103
34.616432175719794,0.5763968475342158
34.63310675769269,0.6930603027112446
34.64978133966558,0.6958659395087939
34.666455921638466,0.8069294551023745
34.68313050361136,0.8085561132376181
34.699805085584245,0.9240453527727062
34.71647966755714,8.60523518745685
34.733154249530024,10.108416381129903
34.74982883150292,7.426419222424725
34.76650341347581,9.328721365355777
34.783177995448696,9.291233792969882
34.79985257742159,7.884900800404677
34.816527159394475,8.60523518745685
34.83320174136737,7.067677584442634
34.84987632334026,7.426419222424725
34.86655090531315,6.9389917443942695
34.88322548728604,5.779485825155907
34.899900069258926,5.653285915648413
34.91657465123182,4.372257081979611
34.933249233204705,3.798771474741582
34.9499238151776,2.7646505787193703
34.96659839715049,1.4983407094551355
34.98327297912338,1.0353531865449448
34.99994756109627,-0.5775588593114587
35.016622143069156,-1.385917850812192
35.03329672504205,-2.304421801192951
35.049971307014935,-3.80640779572872
35.06664588898783,-4.372257081979611
35.08332047096072,-5.527540151656172
35.09999505293361,-6.200970996129091
35.1166696349065,-6.656320625292381
35.13334421687939,-7.451120951476065
35.15001879885228,-7.775434079160046
35.16669338082517,-8.355929144549945
35.18336796279806,-9.274898017160321
35.20004254477095,-9.387376823021302
35.21671712674384,-9.929041923239513
35.23339170871673,-10.152599405890697
35.25006629068962,-10.19276167938858
35.26674087266251,-10.752381180020123
35.2834154546354,-10.752381180020123
35.30009003660829,-10.752381180020123
35.31676461858118,-10.752381180020123
35.33343920055407,-10.752381180020123
35.35011378252696,-10.64061970241058
35.36678836449985,-10.487348776910174
35.38346294647274,-10.304846468766033
35.40013752844563,-9.948660598476256
35.41681211041852,-9.631169792459996
35.43348669239141,-8.996209976195997
35.4501612743643,-8.711437551950366
35.46683585633719,-7.904020970247175
35.483510438310084,-7.451120951476065
35.50018502028297,-7.011249748326617
35.51685960225586,-5.641961771426727
35.53353418422875,-5.1840133871236524
35.55020876620164,-4.028263666485141
35.56688334817453,-3.1095912634145817
35.58355793014742,-2.873881596416573
35.600232512120314,-1.1503630613296572
35.6169070940932,-0.8069294551023745
35.63358167606609,-0.34724289708576445
35.65025625803898,1.4923380570129183
35.66693084001187,2.0741920702602483
35.68360542198476,2.29519553918841
35.70028000395765,4.601412235566412
35.716954585930544,5.309208134023437
35.73362916790343,5.277406082907202
35.75030374987632,6.213375265278377
35.76697833184921,6.099188117302869
35.7836529138221,6.595177955315267
35.800327495794996,7.7392332875479015
35.81700207776788,7.983315878933313
35.833676659740775,7.999364921014589
35.85035124171366,7.999364921014589
35.867025823686554,7.999364921014589
35.88370040565944,7.96733069116285
35.90037498763233,7.853313301978219
35.917049569605226,7.525980017225411
35.93372415157811,7.167923814305406
35.950398733551005,6.595177955315267
35.96707331552389,6.378533774212602
35.983747897496784,5.6760706796289035
36.00042247946967,5.100106326833955
36.01709706144256,4.504906863607022
36.033771643415456,3.698822650633421
36.05044622538834,2.7646505787193703
36.067120807361235,2.0741920702602483
36.08379538933412,1.3887165895513243
36.100469971307014,0.2319654512982052
36.11714455327991,-0.4639232986260873
36.13381913525279,-1.04585140535736
36.150493717225686,-2.1937254123960686
36.16716829919857,-3.1284380228600797
36.183842881171465,-3.576334374997351
36.20051746314435,-4.504906863607022
36.217192045117244,-5.298565069899936
36.23386662709014,-5.538637532790516
36.25054120906302,-6.555636041654009
36.267215791035916,-6.92508173839268
36.2838903730088,-7.6098371575519455
36.300564954981695,-8.259437979878806
36.31723953695459,-8.422757025640795
36.333914118927474,-8.990529680508843
36.35058870090037,-9.293308599397115
36.36726328287325,-9.06770353159035
36.383937864846146,-9.330347957519836
36.40061244681903,-9.537538153676337
36.417287028791925,-9.537538153676337
36.43396161076482,-9.311791770755594
36.450636192737704,-9.443474912812956
36.4673107747106,-9.198808654337379
36.48398535668348,-8.972626614896393
36.500659938656376,-9.103874526653524
36.51733452062926,-8.859429319028497
36.534009102602155,-8.536448587465014
36.55068368457505,-8.162509465809341
36.567358266547934,-7.821976309402848
36.58403284852083,-7.238726503780241
36.60070743049371,-6.6696198423123345
36.61738201246661,-5.98495231511541
36.6340565944395,-5.423944640991947
36.650731176412386,-4.274765357770672
36.66740575838528,-3.576334374997351
36.684080340358165,-3.1095912634145817
36.70075492233106,-1.2679088384907027
36.717429504303944,-0.5763968475342158
36.73410408627684,-0.23103011689547584
36.75077866824973,1.385917850812192
36.767453250222616,1.9629982191971773
36.78412783219551,2.304421801192951
36.800802414168395,3.0006614134621494
36.81747699614129,3.1095912634145817
36.834151578114174,3.3461454133014343
36.85082616008707,3.4543064648255757
36.86750074205996,3.913533291431478
36.884175324032846,4.028263666485141
36.90084990600574,4.15128526642169
36.917524487978625,4.266178730476167
36.93419906995152,4.249108359393027
36.95087365192441,4.257626466179024
36.9675482338973,4.257626466179024
36.98422281587019,4.363511391661926
37.000897397843076,4.266178730476167
37.01757197981597,4.381037831808015
37.034246561788855,4.372257081979611
37.05092114376175,4.389853851974172
37.06759572573464,4.142961693139307
37.08427030770753,4.142961693139307
37.10094488968042,3.9213988876780954
37.117619471653306,3.576334374997351
37.1342940536262,3.0006614134621494
37.150968635599085,2.309062789025683
37.16764321757198,1.6233325250904709
37.18431779954487,0.8101893424175347
37.20099238151776,0.11574889205613192
37.21766696349065,-0.6930603027112446
37.234341545463536,-1.6135389328811822
37.25101612743643,-2.5345770998979615
37.26769070940932,-3.1095912634145817
37.28436529138221,-3.6692540956394217
37.3010398733551,-4.592212010919773
37.31771445532799,-5.277406082907202
37.33438903730088,-5.744833639108566
37.351063619273766,-6.441600099335034
37.36773820124666,-7.224315694045337
37.38441278321955,-7.3231728990536045
37.40108736519244,-7.6929856450936605
37.41776194716533,-8.033045790559362
37.43443652913822,-8.001203180138173
37.45111111111111,-8.355929144549945
37.467785693084,-8.468745010806028
37.48446027505689,-8.451985369554704
37.50113485702978,-8.355929144549945
37.51780943900267,-8.59853781630595
37.53448402097556,-8.502463014189964
37.55115860294845,-8.59853781630595
37.56783318492134,-8.58149476694492
37.584507766894234,-8.355929144549945
37.60118234886712,-8.243047985550657
37.61785693084001,-8.001203180138173
37.6345315128129,-7.564436027505658
37.65120609478579,-7.209961845615833
37.66788067675868,-6.629879963026783
37.68455525873157,-6.314884424449206
37.701229840704464,-5.494512421014915
37.71790442267735,-4.706507809533955
37.73457900465024,-4.4868526385484175
37.75125358662313,-3.9056991370721277
37.76792816859602,-2.7591076586202736
37.78460275056891,-1.610300602498993
37.8012773325418,-1.1503630613296572
37.817951914514694,-0.5752395019996103
37.83462649648758,0.9221864279951778
37.85130107846047,1.1503630613296572
37.86797566043336,2.0741920702602483
37.88465024240625,2.873881596416573
37.901324824379145,3.0006614134621494
37.91799940635203,4.036358348626346
37.934673988324924,4.601412235566412
37.95134857029781,4.601412235566412
37.9680231522707,6.087008331931995
37.98469773424359,5.88244559009534
38.00137231621648,5.996955104898414
38.018046898189375,6.314884424449206
38.03472148016226,6.34019174590991
38.051396062135154,6.5687641218211255
38.06807064410804,6.314884424449206
38.08474522608093,6.352921312355225
38.10141980805382,6.34019174590991
38.11809439002671,5.98495231511541
38.134768971999605,6.099188117302869
38.15144355397249,5.744833639108566
38.168118135945384,5.756338261123382
38.18479271791827,5.059273082637375
38.20146729989116,4.477879573849643
38.21814188186406,4.020201333001489
38.23481646383694,3.103359321743372
38.251491045809836,2.6496245279217105
38.26816562778272,1.9629982191971773
38.284840209755615,1.3803540734444517
38.3015147917285,0.6916659507918997
38.318189373701394,-0.11505161145392445
38.33486395567429,-0.5752395019996103
38.35153853764717,-1.1480583421607775
38.368213119620066,-2.41465652085079
38.38488770159295,-2.6443115562643893
38.401562283565845,-2.9826540371430528
38.41823686553873,-3.8901244040618215
38.434911447511624,-4.134671373736423
38.45158602948452,-4.820766078092657
38.4682606114574,-5.380722332031897
38.484935193430296,-5.619448605890158
38.50160977540318,-6.062793572403774
38.518284357376075,-6.30230606958456
38.53495893934897,-7.564436027505658
38.551633521321854,-7.647284180212675
38.56830810329475,-7.647284180212675
38.58498268526763,-7.677691613849953
38.601657267240526,-7.872739550475397
38.61833184921341,-7.919754489913164
38.635006431186305,-8.097949843775075
38.6516810131592,-7.857190926465605
38.668355595132084,-7.872739550475397
38.68503017710498,-7.857190926465605
38.70170475907786,-7.617115238080999
38.718379341050756,-7.279793372863948
38.73505392302364,-7.068595117003157
38.751728504996535,-6.955711410950602
38.76840308696943,-6.503642066979115
38.785077668942314,-5.800982775804156
38.80175225091521,-5.256414941445231
38.81842683288809,-4.6784506060384565
38.835101414860986,-4.093711690844029
38.85177599683388,-3.1988315936910787
38.868450578806765,-1.8291836314227448
38.88512516077966,-1.1434764942212858
38.901799742752544,-0.6875163546390998
38.91847432472544,0.6861441978352362
38.93514890669832,1.3748347805694052
38.95182348867122,1.607075241167837
38.96849807064411,2.509364739851702
38.985172652616995,3.0848123304975923
39.00184723458989,3.4132000140447074
39.018521816562775,4.101838687670838
39.03519639853567,4.311761901982418
39.05187098050855,4.782532484473934
39.06854556248145,5.142764557884242
39.08522014445434,5.24598169165713
39.101894726427226,5.710593137499642
39.11856930840012,5.800982775804156
39.135243890373005,5.925649379789908
39.1519184723459,5.9139290408005705
39.16859305431879,5.925649379789908
39.18526763629168,6.050758027617308
39.20194221826457,5.9139290408005705
39.218616800237456,5.824027516145073
39.23529138221035,5.925649379789908
39.251965964183235,5.710593137499642
39.26864054615613,5.029073581785447
39.28531512812902,4.460040467915967
39.30198971010191,4.004172940709387
39.3186642920748,3.5477970696678907
39.335338874047686,3.0848123304975923
39.35201345602058,2.7426113574815973
39.368688037993465,2.2906100426385296
39.38536261996636,2.1761925505253368
39.40203720193925,1.7149301955265475
39.41871178391214,1.1411992555871369
39.43538636588503,0.7988933560340447
39.452060947857916,0.3417202792553932
39.46873552983081,-0.34308439952352937
39.4854101118037,-1.1434764942212858
39.50208469377659,-1.7149301955265475
39.51875927574948,-2.171853016645352
39.53543385772237,-2.6284996292083536
39.55210843969526,-3.312825500521362
39.568783021668146,-3.874673203565136
39.58545760364104,-4.433546201727663
39.60213218561393,-4.773068439491577
39.61880676758682,-5.112255024295079
39.63548134955971,-5.800982775804156
39.6521559315326,-7.251156559885405
39.66883051350549,-7.504732450611963
39.68550509547838,-7.617115238080999
39.70217967745127,-7.617115238080999
39.71885425942416,-7.489952684632443
39.73552884139705,-7.392291554984519
39.75220342336994,-7.392291554984519
39.76887800534283,-7.421590325704322
39.78555258731572,-7.279793372863948
39.802227169288614,-7.406912128495229
39.8189017512615,-7.054628448792191
39.83557633323439,-6.928269289703859
39.85225091520728,-6.590608768148881
39.86892549718017,-6.01493535616042
39.88560007915306,-5.665566993909532
39.90227466112595,-5.009139573207328
39.918949243098844,-4.56483029932454
39.93562382507173,-3.988271644394812
39.95229840704462,-2.958977438023631
39.96897298901751,-2.053550563510988
39.9856475709904,-1.600663115347302
40.002322152963295,-0.913002866815424
40.01899673493618,-0.2287244517251678
40.035671316909074,0.5706562246436384
40.05234589888196,1.031212669887953
40.06902048085485,1.7149301955265475
40.08569506282774,2.2814937691254684
40.10236964480063,2.6128755458342092
40.119044226773525,3.299682395866038
40.13571880874641,3.761044245626492
40.152393390719304,4.101838687670838
40.16906797269219,4.56483029932454
40.18574255466508,4.56483029932454
40.20241713663797,4.811150618074285
40.21909171861086,4.915342887157992
40.235766300583755,4.905579747636072
40.25244088255664,5.019086835548597
40.269115464529534,5.019086835548597
40.28579004650242,5.608259049924511
40.30246462847531,5.608259049924511
40.319139210448206,5.5971138255675985
40.33581379242109,5.370023860360966
40.352488374393985,5.142764557884242
40.36916295636687,4.895855221206709
40.385837538339764,4.687765847628181
40.40251212031265,4.442342650071554
40.41918670228554,4.109997961274774
40.435861284258436,3.5477970696678907
40.45253586623132,3.0848123304975923
40.469210448204215,2.6337492335373884
40.4858850301771,2.1761925505253368
40.502559612149994,1.7183580016554572
40.51923419412288,1.031212669887953
40.53590877609577,0.228268830153421
40.55258335806867,-0.22918189575410042
40.56925794004155,-1.1389310679952684
40.585932522014446,-1.597476197245625
40.60260710398733,-2.1632256387109314
40.619281685960225,-3.0848123304975923
40.63595626793312,-3.5407336715429025
40.652630849906004,-3.980368186519193
40.6693054318789,-4.337482594508968
40.68598001385178,-4.546756135339867
40.702654595824676,-5.235589661798443
40.71932917779756,-5.812482383112729
40.736003759770455,-6.038769996122648
40.75267834174335,-6.390495314646983
40.769352923716234,-6.703214549405344
40.78602750568913,-6.703214549405344
40.80270208766201,-7.068595117003157
40.819376669634906,-7.294196308540855
40.83605125160779,-7.392291554984519
40.852725833580685,-7.489952684632443
40.86940041555358,-7.632170072364169
40.886074997526464,-7.617115238080999
40.90274957949936,-7.377728268400984
40.91942416147224,-7.406912128495229
40.936098743445136,-7.02685921130523
40.95277332541803,-6.829244303198068
40.969447907390915,-6.390495314646983
40.98612248936381,-6.003088194706946
41.002797071336694,-5.789528426389053
41.01947165330959,-5.461875846313966
41.03614623528247,-4.999231561662668
41.052820817255366,-4.659930503247405
41.06949539922826,-4.320301570024649
41.086169981201145,-3.988271644394812
41.10284456317404,-3.6257759870587414
41.119519145146924,-3.0786791191122176
41.13619372711982,-2.7263109939062655
41.1528683090927,-2.499419596520719
41.169542891065596,-2.049471443036784
41.18621747303849,-1.7081154351617707
41.202892055011375,-1.366638089814213
41.21956663698427,-0.91118805810516
41.236241218957154,-0.6834162495667641
41.25291580093005,-0.3417202792553932
41.26959038290294,-0.11390796029311341
41.286264964875826,0.11390796029311341
41.30293954684872,0.22781502016956384
41.319614128821605,0.34308439952352937
41.3362887107945,0.45744161376679826
41.352963292767384,0.6861441978352362
41.36963787474028,0.5706562246436384
41.38631245671317,0.6847775070091451
41.40298703868606,0.6847775070091451
41.41966162065895,0.6834162495667641
41.436336202631836,0.6834162495667641
41.45301078460473,0.5706562246436384
41.469685366577615,0.45562283726204783
41.48635994855051,0.228268830153421
41.5030345305234,0.11390796029311341
41.51970911249629,-0.34240098075245734
41.53638369446918,-0.6834162495667641
41.553058276442066,-1.0250636123640782
41.56973285841496,-1.2552843254517343
41.58640744038785,-1.7081154351617707
41.60308202236074,-1.9357010811652917
41.61975660433363,-2.7426113574815973
41.63643118630652,-3.426793157290484
41.65310576827941,-3.7685297091353833
41.669780350252296,-4.109997961274774
41.68645493222519,-4.337482594508968
41.70312951419808,-5.132554439872967
41.71980409617097,-5.68799125326252
41.73647867814386,-6.151843379285564
41.75315326011675,-6.490771634475678
41.76982784208964,-6.914628875210976
41.786502424062526,-7.392291554984519
41.80317700603542,-7.841703215103066
41.81985158800831,-8.513987929750348
41.8365261699812,-8.720430626779292
41.85320075195409,-8.8319086509693
41.86987533392698,-9.165935432985327
41.88654991589987,-9.165935432985327
41.90322449787276,-9.20197316795726
41.91989907984565,-9.090276920822323
41.93657366181854,-8.978510950863493
41.95324824379143,-8.720430626779292
41.96992282576432,-8.754772989799232
41.98659740773721,-8.480628333915243
42.0032719897101,-8.40209926415675
42.01994657168299,-8.178128981225617
42.03662115365588,-7.9539067746444285
42.05329573562877,-7.714227394298843
42.06997031760166,-7.251156559885405
42.08664489957455,-6.941963363058328
42.10331948154744,-6.490771634475678
42.11999406352033,-5.800982775804156
42.13666864549322,-5.24598169165713
42.15334322746611,-4.792034046931942
42.170017809439,-4.328875067190419
42.18669239141189,-3.874673203565136
42.20336697338478,-3.426793157290484
42.220041555357675,-2.7426113574815973
42.23671613733056,-2.171853016645352
42.253390719303454,-1.597476197245625
42.27006530127634,-1.1457628381751033
42.28673988324923,-0.8020885128056375
42.30341446522212,-0.11436268148414115
42.32008904719501,0.11459140623778596
42.336763629167905,0.34445945422982877
42.35343821114079,0.914824918427924
42.370112793113684,0.913002866815424
42.38678737508657,1.3639275316029187
42.40346195705946,1.366638089814213
42.42013653903235,1.3720916494606148
42.43681112100524,1.597476197245625
42.453485702978135,1.600663115347302
42.47016028495102,1.600663115347302
42.486834866923914,1.7115160337891138
42.5035094488968,1.603862771154931
42.52018403086969,1.600663115347302
42.536858612842586,1.597476197245625
42.55353319481547,1.3748347805694052
42.570207776788365,1.1457628381751033
42.58688235876125,0.913002866815424
42.603556940734144,0.6861441978352362
42.62023152270703,0.5695217940290683
42.63690610467992,0.45744161376679826
42.653580686652816,0.2287244517251678
42.6702552686257,0.0
42.686929850598595,-0.2287244517251678
42.70360443257148,-0.6861441978352362
42.720279014544374,-0.914824918427924
42.73695359651726,-1.480475860329802
42.75362817849015,-2.1675307469642813
42.770302760463046,-2.509364739851702
42.78697734243593,-3.1924726129320224
42.803651924408825,-4.093711690844029
42.82032650638171,-4.546756135339867
42.837001088354604,-5.256414941445231
42.8536756703275,-5.461875846313966
42.87035025230038,-5.800982775804156
42.88702483427328,-6.252487800285469
42.90369941624616,-6.240155567309603
42.920373998219056,-6.477951824630982
42.93704858019194,-6.452462888002507
42.953723162164835,-6.35269355228211
42.97039774413773,-6.590608768148881
42.987072326110614,-6.452462888002507
43.00374690808351,-6.676855128511844
43.02042149005639,-6.815768333948928
43.037096072029286,-6.914628875210976
43.05377065400218,-7.125016348901798
43.070445235975065,-7.139035379577035
43.08711981794796,-7.013056003837415
43.103794399920844,-6.928269289703859
43.12046898189374,-6.577621098024047
43.13714356386662,-6.564684291334103
43.153818145839516,-6.34019174590991
43.17049272781241,-6.115503566285407
43.187167309785295,-5.99128744053134
43.20384189175819,-5.552971033036804
43.220516473731074,-5.225238608751462
43.23719105570397,-4.641556129932961
43.25386563767685,-4.085616779974877
43.270540219649746,-3.632950739488207
43.28721480162264,-3.186138838129103
43.303889383595525,-2.7263109939062655
43.32056396556842,-2.2769627750491206
43.337238547541304,-1.7047283190072677
43.3539131295142,-1.25030462282535
43.37058771148709,-1.0210048155726674
43.387262293459976,-0.91118805810516
43.40393687543287,-0.9093804491991415
43.420611457405755,-0.7973053040988667
43.43728603937865,-0.3410422788588532
43.453960621351534,0.1134568408399144
43.47063520332443,0.2273630109905622
43.48730978529732,0.45381846600045717
43.503984367270206,0.679364755465251
43.5206589492431,0.9093804491991415
43.537333531215985,1.1344216309770068
43.55400811318888,1.3639275316029187
43.570682695161764,1.366638089814213
43.58735727713466,1.3639275316029187
43.60403185910755,1.3693594409071872
43.620706441080436,1.3639275316029187
43.63738102305333,1.1411992555871369
43.654055605026215,0.913002866815424
43.67073018699911,0.6847775070091451
43.687404768972,0.6834162495667641
43.70407935094489,0.45562283726204783
43.72075393291778,0.228268830153421
43.73742851489067,0.0
43.75410309686356,-0.3410422788588532
43.770777678836446,-0.6834162495667641
43.78745226080934,-1.1366718775987814
43.80412684278223,-1.4834236989882084
43.82080142475512,-1.9357010811652917
43.83747600672801,-2.158937589927815
43.8541505887009,-2.3812248326799326
43.87082517067379,-2.720920479338194
43.887499752646676,-2.953116853487206
43.90417433461957,-3.186138838129103
43.92084891659246,-3.6257759870587414
43.93752349856535,-3.851724835122442
43.95419808053824,-3.851724835122442
43.97087266251113,-4.207023109460977
43.98754724448402,-4.311761901982418
44.00422182645691,-4.56483029932454
44.0208964084298,-4.6784506060384565
44.03757099040269,-5.009139573207328
44.05424557237558,-5.235589661798443
44.07092015434847,-5.348753672386548
44.08759473632136,-5.68799125326252
44.10426931829425,-5.789528426389053
44.12094390026714,-5.812482383112729
44.13761848224003,-5.699269861063447
44.15429306421292,-5.5971138255675985
44.17096764618581,-5.5971138255675985
44.1876422281587,-5.47271167125049
44.20431681013159,-5.266889656201999
44.22099139210448,-5.029073581785447
44.23766597407737,-4.583048425018891
44.25434055605026,-4.223756953624557
44.27101513802315,-3.7760449848950084
44.28768971999604,-3.3260736074920825
44.30436430196893,-2.8567013157758785
44.321038883941824,-2.4050092587054004
44.33771346591471,-2.0658858931308135
44.3543880478876,-1.603862771154931
44.37106262986049,-1.4923380570129183
44.38773721183338,-1.2628286884609408
44.40441179380627,-1.2628286884609408
44.42108637577916,-1.0332787807513368
44.437760957752054,-0.6902771978650786
44.45443553972494,0.11482104772023603
44.47111012169783,0.5752395019996103
44.48778470367072,0.8053093284376547
44.50445928564361,0.8053093284376547
44.5211338676165,1.0332787807513368
44.53780844958939,1.2628286884609408
44.554483031562285,1.4923380570129183
44.57115761353517,1.7183580016554572
44.587832195508064,1.947306372560889
44.60450677748095,2.1761925505253368
44.62118135945384,2.5193892912062674
44.637855941426736,2.5193892912062674
44.65453052339962,2.400214460856639
44.671205105372515,2.29519553918841
44.6878796873454,2.1805494521972677
44.704554269318294,2.1761925505253368
44.72122885129118,2.057645946948279
44.73790343326407,2.057645946948279
44.754578015236966,1.8255423073298656
44.77125259720985,1.8255423073298656
44.787927179182745,1.600663115347302
44.80460176115563,1.3720916494606148
44.821276343128524,1.3693594409071872
44.83795092510141,1.031212669887953
44.8546255070743,0.6875163546390998
44.871300089047196,0.45562283726204783
44.88797467102008,0.0
44.904649252992975,-0.45744161376679826
44.92132383496586,-0.8004877462630163
44.937998416938754,-1.1411992555871369
44.95467299891165,-1.7115160337891138
44.97134758088453,-2.3906819597183824
44.988022162857426,-2.8453613655793544
45.00469674483031,-3.5266908106667305
45.021371326803205,-3.8669934703304434
45.03804590877609,-4.207023109460977
45.054720490748984,-4.451174002886572
45.07139507272188,-4.782532484473934
45.08806965469476,-5.132554439872967
45.104744236667656,-5.338181457925081
45.12141881864054,-5.563941531455534
45.138093400613435,-5.789528426389053
45.15476798258632,-5.6767570511694645
45.171442564559214,-5.68799125326252
45.18811714653211,-5.778119069126657
45.20479172850499,-5.789528426389053
45.22146631047789,-5.6767570511694645
45.23814089245077,-5.6544208226407005
45.254815474423665,-5.6767570511694645
45.27149005639656,-5.4510827165934
45.288164638369445,-5.338181457925081
45.30483922034234,-5.10216525235819
45.32151380231522,-4.886169079807516
45.33818838428812,-4.773068439491577
45.354862966261,-4.669172230557077
45.371537548233896,-4.207023109460977
45.38821213020679,-3.882383454147685
45.404886712179675,-3.426793157290484
45.42156129415257,-2.9707686058397926
45.438235876125454,-2.731722893343565
45.45491045809835,-2.400214460856639
45.47158504007123,-2.2769627750491206
45.488259622044126,-1.9357010811652917
45.50493420401702,-1.7047283190072677
45.521608785989905,-1.480475860329802
45.5382833679628,-1.2527895265021143
45.554957949935684,-1.1389310679952684
45.57163253190858,-0.9093804491991415
45.58830711388147,-0.3417202792553932
45.604981695854356,0.1141348679808717
45.62165627782725,0.0
45.638330859800135,0.34240098075245734
45.65500544177303,0.571795183473218
45.671680023745914,1.0291548043059813
45.68835460571881,1.4834236989882084
45.7050291876917,1.8255423073298656
45.721703769664586,2.171853016645352
45.73837835163748,2.1675307469642813
45.755052933610365,2.1675307469642813
45.77172751558326,2.2860428222804807
45.788402097556144,2.2814937691254684
45.80507667952904,2.2724497327829347
45.82175126150193,2.3812248326799326
45.838425843474816,2.3906819597183824
45.85510042544771,2.2769627750491206
45.871775007420595,2.2679545359058344
45.88844958939349,2.1632256387109314
45.90512417136638,1.9357010811652917
45.92179875333927,1.7047283190072677
45.93847333531216,1.480475860329802
45.955147917285046,1.366638089814213
45.97182249925794,1.2527895265021143
45.988497081230825,1.0230301886678357
46.00517166320372,0.682060393172652
46.02184624517661,0.45562283726204783
46.0385208271495,0.0
46.05519540912239,-0.22691279191878977
46.07186999109528,-0.682060393172652
46.08854457306817,-0.91118805810516
46.105219155041056,-1.0230301886678357
46.12189373701395,-1.3612277022055634
46.13856831898684,-1.480475860329802
46.15524290095973,-1.9280407357053797
46.17191748293262,-1.9357010811652917
46.18859206490551,-2.0413616051877077
46.2052666468784,-2.3812248326799326
46.22194122885129,-2.3812248326799326
46.23861581082418,-2.3906819597183824
46.25529039279707,-2.5043823012331377
46.27196497476996,-2.5043823012331377
46.28863955674285,-2.5143670302411882
46.30531413871574,-2.5043823012331377
46.32198872068863,-2.2814937691254684
46.33866330266152,-2.049471443036784
46.35533788463441,-2.049471443036784
46.3720124666073,-1.939554117223181
46.38868704858019,-1.9318633175226514
46.40536163055308,-1.7081154351617707
46.422036212525974,-1.4775397116508782
46.43871079449886,-1.247829555674923
46.45538537647175,-1.1344216309770068
46.47205995844464,-1.0210048155726674
46.48873454041753,-0.7941480645357202
46.50540912239042,-0.91118805810516
46.52208370436331,-0.682060393172652
46.538758286336204,-0.6834162495667641
46.55543286830909,-0.682060393172652
46.57210745028198,-0.5706562246436384
46.58878203225487,-0.6847775070091451
46.60545661422776,-0.5695217940290683
46.62213119620065,-0.3417202792553932
46.63880577817354,-0.11390796029311341
46.655480360146434,0.3417202792553932
46.67215494211932,0.7973053040988667
46.68882952409221,1.1366718775987814
46.7055041060651,2.053550563510988
46.72217868803799,2.509364739851702
46.738853270010885,2.509364739851702
46.75552785198377,2.737156305060684
46.772202433956664,2.8510200738496563
46.78887701592955,3.0848123304975923
46.80555159790244,3.0848123304975923
46.82222617987533,3.0786791191122176
46.83890076184822,2.9648613091602183
46.855575343821116,2.9648613091602183
46.872249925794,2.737156305060684
46.888924507766895,2.623270895738492
46.90559908973978,2.3954387323506348
46.922273671712674,2.171853016645352
46.93894825368556,1.9434225170080912
46.95562283565845,1.7081154351617707
46.972297417631346,1.5943019409581305
46.98897199960423,1.3639275316029187
47.005646581577125,1.25030462282535
47.02232116355001,1.0230301886678357
47.038995745522904,0.6847775070091451
47.0556703274958,0.45744161376679826
47.07234490946868,0.0
47.089019491441576,-0.228268830153421
47.10569407341446,-0.8020885128056375
47.122368655387355,-1.1389310679952684
47.13904323736024,-1.7081154351617707
47.155717819333134,-2.3906819597183824
47.17239240130603,-2.6128755458342092
47.18906698327891,-3.0725702240503527
47.205741565251806,-3.5127587611412916
47.22241614722469,-3.753588417580753
47.239090729197585,-4.198705722809587
47.25576531117047,-4.311761901982418
47.272439893143364,-4.65072520788341
47.28911447511626,-4.65072520788341
47.30578905708914,-4.65072520788341
47.322463639062036,-4.866911048773186
47.33913822103492,-4.763641690726178
47.355812803007815,-4.65072520788341
47.37248738498071,-4.659930503247405
47.389161966953594,-4.5199111145351685
47.40583654892649,-4.4247844517439665
47.42251113089937,-4.198705722809587
47.439185712872266,-4.1821690483830665
47.45586029484515,-4.1821690483830665
47.472534876818045,-3.956844350047272
47.48920945879094,-3.7313969991604465
47.505884040763824,-3.618629480144367
47.52255862273672,-3.5058338820763066
47.5392332047096,-3.386334328783698
47.555907786682496,-3.267275916262775
47.57258236865538,-3.16105282770939
47.589256950628275,-2.935673446421173
47.60593153260117,-2.710203100174587
47.622606114574054,-2.5974359808517606
47.63928069654695,-2.3718421897892186
47.65595527851983,-2.2634770788358187
47.67262986049273,-2.0413616051877077
47.68930444246562,-1.9242332458383695
47.705979024438506,-1.6979942147503355
47.7226536064114,-1.584854393050516
47.739328188384285,-1.3612277022055634
47.75600277035718,-1.1344216309770068
47.772677352330064,-1.1344216309770068
47.78935193430296,-0.9075799973406045
47.80602651627585,-0.45562283726204783
47.822701098248736,0.33969431731264127
47.83937568022163,0.3403669635174528
47.856050262194515,0.5661454030393284
47.87272484416741,0.5672664098579344
47.889399426140294,0.679364755465251
47.90607400811319,0.7941480645357202
47.92274859008608,0.795723552739274
47.939423172058966,0.7925788023643707
47.95609775403186,0.7925788023643707
47.972772336004745,0.7925788023643707
47.98944691797764,0.5672664098579344
48.00612149995053,0.5672664098579344
48.02279608192342,0.33969431731264127
48.03947066389631,0.3403669635174528
48.056145245869196,0.11323261841870998
48.07281982784209,0.11323261841870998
48.089494409814975,0.11300928050065026
48.10616899178787,-0.11323261841870998
48.12284357376076,-0.11323261841870998
48.13951815573365,-0.11323261841870998
48.15619273770654,-0.11323261841870998
48.172867319679426,-0.11323261841870998
48.18954190165232,-0.22601768172841377
48.206216483625205,-0.45113854678728116
48.2228910655981,-0.9040003954248742
48.23956564757099,-1.132180275131298
48.25624022954388,-1.58173003704405
48.27291481151677,-1.8039951162005907
48.289589393489656,-1.9242332458383695
48.30626397546255,-2.1419539783804673
48.32293855743544,-2.1504122669627654
48.33961313940833,-2.2590172568217173
48.35628772138122,-2.2634770788358187
48.37296230335411,-2.367178525610498
48.389636885327,-2.367178525610498
48.406311467299886,-2.367178525610498
48.42298604927278,-2.3718421897892186
48.43966063124567,-2.5923298998113586
48.45633521321856,-2.5923298998113586
48.47300979519145,-2.5923298998113586
48.48968437716434,-2.5974359808517606
48.50635895913723,-2.5923298998113586
48.52303354111012,-2.5923298998113586
48.53970812308301,-2.602562202499806
48.5563827050559,-2.367178525610498
48.57305728702879,-2.3718421897892186
48.58973186900168,-2.376524255790069
48.60640645097457,-2.367178525610498
48.62308103294746,-2.489552921999156
48.639755614920354,-2.4797637918170983
48.65643019689324,-2.484648721077033
48.67310477886613,-2.254574965935033
48.68977936083902,-2.0333156694143883
48.70645394281191,-1.9129004397623446
48.7231285247848,-1.6879921973171923
48.73980310675769,-1.5786179722981146
48.756477688730584,-1.3531919537796904
48.77315227070347,-1.2380264935517193
48.78982685267636,-1.2380264935517193
48.80650143464925,-1.010997052330402
48.82317601662214,-1.0149765246644997
48.83985059859503,-0.7894588090840513
48.85652518056792,-0.5650288179074557
48.873199762540814,-0.452028329520008
48.8898743445137,-0.22601768172841377
48.90654892648659,0.45113854678728116
48.92322350845948,1.010997052330402
48.93989809043237,0.9004489170013261
48.956572672405265,1.125509028507435
48.97324725437815,1.012982880610846
48.989921836351044,1.2331824879169313
49.00659641832393,1.2380264935517193
49.02327100029682,1.010997052330402
49.03994558226971,1.012982880610846
49.0566201642426,0.7879080051799073
49.073294746215495,0.7879080051799073
49.08996932818838,0.7863632817119598
49.106643910161274,0.6753610129692037
49.12331849213416,0.5650288179074557
49.13999307410705,0.563916628353376
49.15666765607994,0.33769223620857014
49.17334223805283,0.1125652373213464
49.190016820025726,0.0
49.20669140199861,-0.2246881796245023
49.223365983971505,-0.33769223620857014
49.24004056594439,-0.561705332566547
49.256715147917284,-0.6753610129692037
49.27338972989018,-0.6753610129692037
49.29006431186306,-0.9004489170013261
49.306738893835956,-0.9004489170013261
49.32341347580884,-1.3505344090060236
49.340088057781735,-1.5786179722981146
49.35676263975462,-1.8039951162005907
49.373437221727514,-1.9129004397623446
49.39011180370041,-1.9054190792834684
49.40678638567329,-2.1335619370071774
49.423460967646186,-2.2457425658950716
49.44013554961907,-2.465223505409165
49.456810131591965,-2.8008870872679736
49.47348471356485,-3.0245573847723186
49.490159295537744,-3.2544906655265837
49.50683387751064,-3.471614533921367
49.52350845948352,-3.471614533921367
49.540183041456416,-3.6949879088400106
49.5568576234293,-3.6877910699349057
49.573532205402195,-3.9182488640673765
49.59020678737509,-3.9030203455249843
49.606881369347974,-4.014175695411026
49.62355595132087,-4.125300787698348
49.64023053329375,-4.141390709874622
49.656905115266646,-4.3559153857193085
49.67357969723953,-4.347456907559677
49.690254279212425,-4.364406778120879
49.70692886118532,-4.347456907559677
49.723603443158204,-4.125300787698348
49.7402780251311,-4.021990177020111
49.75695260710398,-3.8066328575153348
49.773627189076876,-3.576334374997351
49.79030177104976,-3.35988778523068
49.806976353022655,-3.124155119506048
49.82365093499555,-2.7954252903150296
49.840325516968434,-2.567097492501513
49.85700009894133,-2.348705735517975
49.87367468091421,-2.1252353679403253
49.890349262887106,-1.6781072899147245
49.90702384486,-1.4601644616984157
49.923698426832885,-1.2355997439174453
49.94037300880578,-1.2355997439174453
49.957047590778664,-1.010997052330402
49.97372217275156,-0.8986836207379925
49.99039675472444,-0.7863632817119598
50.00707133669734,-0.561705332566547
50.02374591867023,0.0
50.040420500643116,0.3370301098578076
50.05709508261601,0.33769223620857014
50.073769664588895,0.33769223620857014
50.09044424656179,0.3370301098578076
50.10711882853468,0.336370574910119
50.12379341050757,0.33769223620857014
50.14046799248046,0.3370301098578076
50.157142574453346,0.11278682186231857
50.17381715642624,0.0
50.190491738399125,-0.11300928050065026
50.20716632037202,-0.33769223620857014
50.22384090234491,-0.33769223620857014
50.2405154843178,-0.561705332566547
50.25719006629069,-0.6740368979845053
50.273864648263576,-0.7894588090840513
50.29053923023647,-0.8986836207379925
50.307213812209355,-1.125509028507435
50.32388839418225,-1.123302714075429
50.34056297615514,-1.3505344090060236
50.35723755812803,-1.5724304276733532
50.37391214010092,-1.5724304276733532
50.390586722073806,-1.5724304276733532
50.4072613040467,-1.691313088562971
50.42393588601959,-1.8004532564673252
50.44061046799248,-1.9054190792834684
50.45728504996537,-1.9054190792834684
50.47395963193826,-1.9054190792834684
50.49063421391115,-1.9091524329963763
50.507308795884036,-1.9054190792834684
50.52398337785693,-2.129390516394063
50.54065795982982,-2.0213649403560154
50.55733254180271,-2.017412507826719
50.5740071237756,-1.9054190792834684
50.59068170574849,-1.9054190792834684
50.60735628772138,-1.6813893739978543
50.624030869694266,-1.6846843178962914
50.64070545166716,-1.4630319085743595
50.65738003364005,-1.2380264935517193
50.67405461561294,-1.2331824879169313
50.69072919758583,-1.009018993957029
50.70740377955872,-1.1211050316127316
50.72407836153161,-1.010997052330402
50.7407529435045,-1.010997052330402
50.75742752547739,-0.7863632817119598
50.77410210745028,-0.561705332566547
50.79077668942317,-0.3370301098578076
50.80745127139606,-0.11278682186231857
50.82412585336895,0.0
50.84080043534184,0.2255727696340518
50.857475017314734,0.452028329520008
50.87414959928762,0.5650288179074557
50.89082418126051,0.6766903402793287
50.9074987632334,0.902221161530156
50.92417334520629,1.127724025858696
50.94084792717918,1.2404627928495902
50.95752250915207,1.2380264935517193
50.974197091124964,1.2404627928495902
50.99087167309785,1.2404627928495902
51.00754625507074,1.4659106372375528
51.02422083704363,1.4659106372375528
51.04089541901652,1.5786179722981146
51.057570000989415,1.8039951162005907
51.0742445829623,1.9166631859864653
51.090919164935194,2.5923298998113586
51.10759374690808,2.817401186657653
51.12426832888097,2.817401186657653
51.14094291085386,2.8063702517882496
51.15761749282675,2.8118749094114457
51.174292074799645,2.935673446421173
51.19096665677253,2.8118749094114457
51.207641238745424,2.8008870872679736
51.22431582071831,2.8118749094114457
51.2409904026912,2.8063702517882496
51.25766498466409,2.8118749094114457
51.27433956663698,3.0364195009925905
51.291014148609875,2.9241584429057883
51.30768873058276,2.817401186657653
51.324363312555654,2.9241584429057883
51.34103789452854,2.8118749094114457
51.35771247650143,2.7048759857356504
51.374387058474326,2.5923298998113586
51.39106164044721,2.4797637918170983
51.407736222420105,2.362533155041691
51.42441080439299,2.0293164293431896
51.441085386365884,2.0253328837126134
51.45775996833877,1.8004532564673252
51.47443455031166,1.5786179722981146
51.491109132284556,1.3531919537796904
51.50778371425744,1.0149765246644997
51.524458296230335,0.7894588090840513
51.54113287820322,0.5628088084732934
51.557807460176114,0.3383569692652585
51.574482042149,0.2255727696340518
51.59115662412189,0.1125652373213464
51.60783120609479,0.0
51.62450578806767,-0.11278682186231857
51.641180370040566,-0.112344521736011
51.65785495201345,-0.11278682186231857
51.674529533986345,-0.11278682186231857
51.69120411595924,-0.11278682186231857
51.707878697932124,-0.33769223620857014
51.72455327990502,-0.3383569692652585
51.7412278618779,-0.3383569692652585
51.757902443850796,-0.33769223620857014
51.77457702582368,-0.563916628353376
51.791251607796575,-0.563916628353376
51.80792618976947,-0.7894588090840513
51.824600771742354,-0.7894588090840513
51.84127535371525,-0.7894588090840513
51.85794993568813,-0.7879080051799073
51.874624517661026,-0.7894588090840513
51.89129909963391,-0.6740368979845053
51.907973681606805,-0.6766903402793287
51.9246482635797,-0.6740368979845053
51.941322845552584,-0.9004489170013261
51.95799742752548,-0.902221161530156
51.97467200949836,-0.8986836207379925
51.991346591471256,-1.012982880610846
52.00802117344415,-1.2380264935517193
52.024695755417035,-1.4659106372375528
52.04137033738993,-1.6946470685371595
52.058044919362814,-1.6946470685371595
52.07471950133571,-1.9204407587542562
52.09139408330859,-1.9166631859864653
52.108068665281486,-1.9204407587542562
52.12474324725438,-1.6879921973171923
52.141417829227265,-1.4659106372375528
52.15809241120016,-1.2380264935517193
52.174766993173044,-1.0169780307191734
52.19144157514594,-1.0169780307191734
52.20811615711882,-1.012982880610846
52.224790739091716,-0.7925788023643707
52.24146532106461,-0.7910157293941884
52.258139903037495,-0.5661454030393284
52.27481448501039,-0.3383569692652585
52.291489066983274,-0.33969431731264127
52.30816364895617,-0.3390243244514502
52.32483823092906,-0.3383569692652585
52.34151281290195,-0.3390243244514502
52.35818739487484,-0.336370574910119
52.374861976847725,-0.3390243244514502
52.39153655882062,-0.33769223620857014
52.408211140793505,-0.1125652373213464
52.4248857227664,-0.1125652373213464
52.44156030473929,-0.1125652373213464
52.45823488671218,-0.1125652373213464
52.47490946868507,-0.1125652373213464
52.491584050657956,-0.1125652373213464
52.50825863263085,-0.22512960569376392
52.524933214603735,-0.452028329520008
52.54160779657663,-0.452028329520008
52.55828237854952,-0.679364755465251
52.57495696052241,-0.902221161530156
52.5916315424953,-0.9057866601106421
52.608306124468186,-0.9040003954248742
52.62498070644108,-0.7910157293941884
52.64165528841397,-0.9004489170013261
52.65832987038686,-0.902221161530156
52.67500445235975,-0.8986836207379925
52.69167903433264,-1.0169780307191734
52.70835361630553,-1.125509028507435
52.725028198278416,-1.2429086982825976
52.74170278025131,-1.2429086982825976
52.7583773622242,-1.3558599761066599
52.77505194419709,-1.3558599761066599
52.79172652616998,-1.4659106372375528
52.80840110814287,-1.4688007143858246
52.82507569011576,-1.4659106372375528
52.841750272088646,-1.4688007143858246
52.85842485406154,-1.3558599761066599
52.87509943603443,-1.2331824879169313
52.89177401800732,-1.125509028507435
52.90844859998021,-1.012982880610846
52.9251231819531,-0.8986836207379925
52.94179776392599,-0.7879080051799073
52.95847234589888,-0.6740368979845053
52.97514692787177,-0.6766903402793287
52.99182150984466,-0.45113854678728116
53.00849609181755,-0.450252260037571
53.02517067379044,-0.22601768172841377
53.04184525576333,-0.2255727696340518
53.05851983773622,0.0
53.07519441970911,0.2246881796245023
53.091869001682,0.3370301098578076
53.10854358365489,0.44936944870796314
53.12521816562778,0.561705332566547
53.14189274760067,0.7832919336100992
53.15856732957356,0.8986836207379925
53.17524191154645,1.010997052330402
53.191916493519344,1.123302714075429
53.20859107549223,1.2380264935517193
53.22526565746512,1.4601644616984157
53.24194023943801,1.6879921973171923
53.2586148214109,1.6879921973171923
53.275289403383795,1.9166631859864653
53.29196398535668,1.9091524329963763
53.308638567329574,1.9129004397623446
53.32531314930246,1.9129004397623446
53.34198773127535,1.9129004397623446
53.35866231324824,1.9166631859864653
53.37533689522113,1.9091524329963763
53.392011477194025,1.9091524329963763
53.40868605916691,2.129390516394063
53.425360641139804,2.1335619370071774
53.44203522311269,2.3579059707169034
53.45870980508558,2.3579059707169034
53.475384387058476,2.582177686945013
53.49205896903136,2.582177686945013
53.508733551004255,2.465223505409165
53.52540813297714,2.4604145385916953
53.542082714950034,2.2501501030618902
53.55875729692292,2.0213649403560154
53.57543187889581,2.0213649403560154
53.592106460868706,1.7969252726959732
53.60878104284159,1.7969252726959732
53.625455624814485,1.5755181264423654
53.64213020678737,1.4601644616984157
53.658804788760264,1.4601644616984157
53.67547937073315,1.345250506251999
53.69215395270604,1.3478872801985986
53.708828534678936,1.2355997439174453
53.72550311665182,1.2307746699577373
53.742177698624715,1.2331824879169313
53.7588522805976,1.007048659982735
53.775526862570494,1.009018993957029
53.79220144454339,1.009018993957029
53.80887602651627,0.7863632817119598
53.825550608489166,0.7832919336100992
53.84222519046205,0.7848246029918882
53.858899772434945,0.7848246029918882
53.87557435440783,1.009018993957029
53.892248936380724,1.009018993957029
53.90892351835362,1.010997052330402
53.9255981003265,1.2355997439174453
53.9422726822994,1.2355997439174453
53.95894726427228,1.457308230433425
53.975621846245176,1.6879921973171923
53.99229642821806,1.9091524329963763
54.008971010190955,2.0293164293431896
54.02564559216385,2.137749725508895
54.042320174136734,2.137749725508895
54.05899475610963,1.9091524329963763
54.07566933808251,1.9129004397623446
54.092343920055406,1.9166631859864653
54.1090185020283,1.9166631859864653
54.125693084001185,1.9166631859864653
54.14236766597408,1.9129004397623446
54.159042247946964,1.9129004397623446
54.17571682991986,2.0253328837126134
54.19239141189274,2.0253328837126134
54.209065993865636,2.0293164293431896
54.22574057583853,2.0293164293431896
54.242415157811415,2.0213649403560154
54.25908973978431,2.0253328837126134
54.275764321757194,1.8004532564673252
54.29243890373009,1.5786179722981146
54.30911348570297,1.2355997439174453
54.325788067675866,0.6740368979845053
54.34246264964876,0.2246881796245023
54.359137231621645,-0.2246881796245023
54.37581181359454,-0.44936944870796314
54.392486395567424,-0.561705332566547
54.40916097754032,-0.6727179647301382
54.42583555951321,-0.561705332566547
54.442510141486096,-0.44936944870796314
54.45918472345899,-0.4484900923964887
54.475859305431875,-0.450252260037571
54.49253388740477,-0.44936944870796314
54.509208469377654,-0.44936944870796314
54.52588305135055,-0.450252260037571
54.54255763332344,-0.450252260037571
54.559232215296326,-0.450252260037571
54.57590679726922,-0.44936944870796314
54.592581379242105,-0.450252260037571
54.609255961215,-0.450252260037571
54.625930543187884,-0.33769223620857014
54.64260512516078,-0.22512960569376392
54.65927970713367,-0.22424848122371066
54.675954289106556,-0.3370301098578076
54.69262887107945,-0.4476141708605531
54.709303453052335,-0.561705332566547
54.72597803502523,-0.7832919336100992
54.74265261699812,-0.8986836207379925
54.75932719897101,-0.8969252319613567
54.7760017809439,-1.009018993957029
54.79267636291679,-1.010997052330402
54.80935094488968,-1.009018993957029
54.826025526862566,-1.010997052330402
54.84270010883546,-1.009018993957029
54.85937469080835,-1.1167353607805646
54.87604927278124,-1.2307746699577373
54.89272385475413,-1.2331824879169313
54.90939843672702,-1.2355997439174453
54.92607301869991,-1.2380264935517193
54.942747600672796,-1.2355997439174453
54.95942218264569,-1.2331824879169313
54.97609676461858,-1.2380264935517193
54.99277134659147,-1.2380264935517193
55.00944592856436,-1.2355997439174453
55.02612051053725,-1.2380264935517193
55.04279509251014,-1.1211050316127316
55.05946967448303,-1.1211050316127316
55.07614425645592,-1.010997052330402
55.09281883842881,-1.012982880610846
55.1094934204017,-0.9004489170013261
55.12616800237459,-0.9004489170013261
55.14284258434748,-0.9004489170013261
55.15951716632037,-0.902221161530156
55.17619174829326,-0.678024910751301
55.19286633026615,-0.6753610129692037
55.20954091223904,-0.450252260037571
55.22621549421193,-0.22601768172841377
55.24289007618482,-0.22512960569376392
55.25956465815771,-0.11300928050065026
55.2762392401306,-0.11300928050065026
55.29291382210349,-0.11300928050065026
55.30958840407638,-0.11278682186231857
55.32626298604927,-0.11278682186231857
55.34293756802216,-0.1125652373213464
55.35961214999505,-0.11300928050065026
55.376286731967944,0.0
55.39296131394083,0.11300928050065026
55.40963589591372,0.11300928050065026
55.42631047788661,0.33769223620857014
55.4429850598595,0.3383569692652585
55.45965964183239,0.33769223620857014
55.47633422380528,0.33769223620857014
55.493008805778175,0.450252260037571
55.50968338775106,0.33769223620857014
55.52635796972395,0.33769223620857014
55.54303255169684,0.3383569692652585
55.55970713366973,0.450252260037571
55.57638171564262,0.563916628353376
55.59305629761551,0.6753610129692037
55.609730879588405,0.7910157293941884
55.62640546156129,0.9040003954248742
55.643080043534184,0.9004489170013261
55.65975462550707,0.9040003954248742
55.67642920747996,0.9040003954248742
55.693103789452856,0.9040003954248742
55.70977837142574,0.7910157293941884
55.726452953398635,0.6807099057474298
55.74312753537152,0.678024910751301
55.759802117344414,0.679364755465251
55.7764766993173,0.6807099057474298
55.79315128129019,0.6807099057474298
55.809825863263086,0.6807099057474298
55.82650044523597,0.678024910751301
55.843175027208865,0.5650288179074557
55.85984960918175,0.45381846600045717
55.876524191154644,0.3403669635174528
55.89319877312753,0.3390243244514502
55.90987335510042,0.3390243244514502
55.926547937073316,0.452028329520008
55.9432225190462,0.452028329520008
55.959897101019095,0.45292162896120164
55.97657168299198,0.45381846600045717
55.993246264964874,0.452028329520008
56.00992084693777,0.45292162896120164
56.02659542891065,0.5650288179074557
56.043270010883546,0.678024910751301
56.05994459285643,0.6766903402793287
56.076619174829325,0.678024910751301
56.09329375680221,0.7910157293941884
56.109968338775104,0.7910157293941884
56.126642920748,0.7894588090840513
56.14331750272088,0.9040003954248742
56.159992084693776,1.012982880610846
56.17666666666666,1.125509028507435
