time,x,y
0.0,975,1698
0.016674269005847953,974,1699
0.033348538011695905,973,1700
0.05002280701754386,829,1653
0.06669707602339181,831,1648
0.08337134502923976,832,1643
0.10004561403508772,829,1647
0.11671988304093567,828,1648
0.13339415204678362,826,1647
0.15006842105263157,826,1648
0.16674269005847953,824,1647
0.18341695906432748,825,1645
0.20009122807017543,823,1644
0.21676549707602338,816,1650
0.23343976608187134,809,1655
0.2501140350877193,809,1653
0.26678830409356724,805,1655
0.2834625730994152,806,1654
0.30013684210526315,799,1660
0.3168111111111111,799,1661
0.33348538011695905,796,1660
0.350159649122807,794,1660
0.36683391812865496,792,1659
0.3835081871345029,790,1658
0.40018245614035086,788,1658
0.4168567251461988,785,1658
0.43353099415204677,783,1657
0.4502052631578947,782,1656
0.46687953216374267,780,1655
0.4835538011695906,781,1653
0.5002280701754386,780,1649
0.5169023391812865,782,1642
0.5335766081871345,781,1637
0.5502508771929824,783,1629
0.5669251461988304,779,1634
0.5835994152046783,777,1636
0.6002736842105263,777,1633
0.6169479532163742,777,1632
0.6336222222222222,776,1633
0.6502964912280701,776,1631
0.6669707602339181,781,1617
0.683645029239766,775,1630
0.700319298245614,778,1615
0.7169935672514619,776,1613
0.7336678362573099,774,1613
0.7503421052631578,771,1610
0.7670163742690058,769,1608
0.7836906432748537,767,1608
0.8003649122807017,766,1606
0.8170391812865496,762,1606
0.8337134502923976,759,1606
0.8503877192982455,757,1606
0.8670619883040935,754,1606
0.8837362573099414,752,1609
0.9004105263157894,752,1608
0.9170847953216373,752,1608
0.9337590643274853,752,1608
0.9504333333333332,753,1607
0.9671076023391812,754,1606
0.9837818713450291,755,1605
1.0004561403508772,753,1606
1.017130409356725,754,1604
1.033804678362573,754,1602
1.050478947368421,753,1603
1.067153216374269,754,1603
1.0838274853801169,755,1601
1.1005017543859648,754,1601
1.1171760233918129,753,1601
1.1338502923976608,753,1602
1.1505245614035087,751,1603
1.1671988304093566,752,1602
1.1838730994152047,750,1602
1.2005473684210526,749,1603
1.2172216374269005,748,1602
1.2338959064327484,747,1602
1.2505701754385965,747,1603
1.2672444444444444,746,1604
1.2839187134502923,745,1604
1.3005929824561402,745,1605
1.3172672514619883,744,1606
1.3339415204678362,743,1606
1.350615789473684,743,1605
1.367290058479532,741,1605
1.3839643274853801,740,1606
1.400638596491228,740,1606
1.417312865497076,741,1607
1.4339871345029238,743,1607
1.450661403508772,744,1609
1.4673356725146198,745,1609
1.4840099415204677,747,1610
1.5006842105263156,747,1611
1.5173584795321637,747,1612
1.5340327485380116,747,1612
1.5507070175438595,746,1612
1.5673812865497074,745,1612
1.5840555555555556,745,1612
1.6007298245614034,743,1613
1.6174040935672513,744,1613
1.6340783625730992,745,1615
1.6507526315789474,745,1617
1.6674269005847953,745,1620
1.6841011695906432,746,1623
1.700775438596491,746,1627
1.7174497076023392,746,1630
1.734123976608187,744,1632
1.750798245614035,744,1635
1.7674725146198829,743,1636
1.784146783625731,743,1637
1.8008210526315789,741,1639
1.8174953216374268,740,1638
1.8341695906432747,738,1638
1.8508438596491228,736,1638
1.8675181286549707,736,1636
1.8841923976608186,734,1636
1.9008666666666665,734,1636
1.9175409356725146,734,1636
1.9342152046783625,734,1636
1.9508894736842104,732,1636
1.9675637426900583,732,1635
1.9842380116959064,732,1634
2.0009122807017543,731,1635
2.017586549707602,731,1635
2.03426081871345,730,1636
2.050935087719298,730,1635
2.067609356725146,730,1634
2.0842836257309942,730,1634
2.100957894736842,730,1634
2.11763216374269,729,1635
2.134306432748538,730,1634
2.150980701754386,730,1634
2.1676549707602337,730,1634
2.1843292397660816,731,1634
2.2010035087719295,732,1634
2.217677777777778,732,1634
2.2343520467836258,730,1634
2.2510263157894737,730,1634
2.2677005847953216,729,1634
2.2843748538011694,728,1635
2.3010491228070173,727,1636
2.3177233918128652,728,1636
2.334397660818713,728,1637
2.3510719298245615,726,1638
2.3677461988304094,726,1638
2.3844204678362573,726,1638
2.401094736842105,724,1640
2.417769005847953,723,1640
2.434443274853801,721,1640
2.451117543859649,719,1640
2.4677918128654968,717,1639
2.484466081871345,714,1639
2.501140350877193,714,1640
2.517814619883041,714,1639
2.534488888888889,714,1638
2.5511631578947367,715,1639
2.5678374269005846,716,1638
2.5845116959064325,718,1638
2.6011859649122804,717,1639
2.6178602339181287,720,1638
2.6345345029239766,723,1638
2.6512087719298245,727,1638
2.6678830409356724,729,1640
2.6845573099415203,731,1640
2.701231578947368,733,1640
2.717905847953216,734,1642
2.734580116959064,736,1642
2.7512543859649123,738,1640
2.7679286549707602,740,1641
2.784602923976608,740,1642
2.801277192982456,742,1642
2.817951461988304,742,1643
2.834625730994152,742,1643
2.8512999999999997,742,1643
2.8679742690058476,742,1643
2.884648538011696,742,1643
2.901322807017544,744,1644
2.9179970760233918,744,1644
2.9346713450292397,746,1644
2.9513456140350876,746,1643
2.9680198830409354,746,1643
2.9846941520467833,746,1643
3.0013684210526312,747,1643
3.0180426900584796,748,1643
3.0347169590643275,747,1643
3.0513912280701754,747,1642
3.0680654970760233,746,1641
3.084739766081871,746,1642
3.101414035087719,746,1643
3.118088304093567,746,1643
3.134762573099415,746,1643
3.151436842105263,746,1641
3.168111111111111,747,1643
3.184785380116959,748,1643
3.201459649122807,748,1642
3.218133918128655,750,1642
3.2348081871345027,749,1642
3.2514824561403506,751,1640
3.2681567251461985,752,1640
3.284830994152047,757,1641
3.3015052631578947,759,1641
3.3181795321637426,766,1642
3.3348538011695905,776,1648
3.3515280701754384,788,1650
3.3682023391812863,802,1652
3.384876608187134,813,1654
3.401550877192982,831,1658
3.4182251461988304,847,1664
3.4348994152046783,862,1667
3.4515736842105262,881,1670
3.468247953216374,898,1675
3.484922222222222,919,1678
3.50159649122807,937,1680
3.518270760233918,957,1680
3.5349450292397657,980,1680
3.551619298245614,1001,1679
3.568293567251462,1023,1680
3.58496783625731,1042,1680
3.6016421052631578,1062,1677
3.6183163742690057,1082,1675
3.6349906432748536,1096,1672
3.6516649122807014,1111,1668
3.6683391812865493,1128,1666
3.6850134502923977,1139,1671
3.7016877192982456,1147,1657
3.7183619883040935,1164,1656
3.7350362573099414,1177,1663
3.7517105263157893,1178,1657
3.768384795321637,1184,1655
3.785059064327485,1184,1654
3.801733333333333,1184,1650
3.8184076023391813,1185,1651
3.835081871345029,1184,1650
3.851756140350877,1184,1652
3.868430409356725,1182,1651
3.885104678362573,1181,1656
3.901778947368421,1177,1656
3.9184532163742687,1169,1656
3.9351274853801166,1157,1658
3.951801754385965,1146,1660
3.968476023391813,1132,1664
3.9851502923976607,1115,1668
4.001824561403509,1103,1669
4.0184988304093565,1078,1676
4.035173099415204,1058,1678
4.051847368421052,1039,1678
4.0685216374269,1014,1679
4.085195906432748,995,1679
4.101870175438596,967,1678
4.118544444444444,945,1678
4.135218713450292,924,1678
4.151892982456141,900,1674
4.1685672514619885,884,1673
4.185241520467836,863,1667
4.201915789473684,843,1664
4.218590058479532,829,1663
4.23526432748538,808,1657
4.251938596491228,793,1652
4.268612865497076,785,1650
4.285287134502924,771,1647
4.301961403508772,764,1647
4.3186356725146196,758,1646
4.3353099415204674,749,1645
4.351984210526315,746,1642
4.368658479532163,743,1641
4.385332748538011,735,1659
4.402007017543859,739,1656
4.418681286549708,745,1646
4.435355555555556,751,1648
4.452029824561404,760,1648
4.4687040935672515,765,1650
4.485378362573099,774,1649
4.502052631578947,769,1662
4.518726900584795,779,1649
4.535401169590643,780,1670
4.552075438596491,780,1669
4.568749707602339,786,1652
4.585423976608187,780,1651
4.602098245614035,787,1652
4.618772514619883,782,1651
4.6354467836257305,783,1652
4.652121052631578,788,1653
4.668795321637426,783,1652
4.685469590643275,788,1653
4.702143859649123,788,1654
4.718818128654971,789,1652
4.735492397660819,795,1654
4.752166666666667,798,1655
4.7688409356725145,801,1655
4.7855152046783624,804,1654
4.80218947368421,802,1653
4.818863742690058,799,1652
4.835538011695906,799,1651
4.852212280701754,797,1651
4.868886549707602,799,1651
4.88556081871345,803,1652
4.902235087719298,809,1653
4.918909356725146,815,1654
4.9355836257309935,819,1653
4.952257894736842,821,1654
4.96893216374269,836,1655
4.985606432748538,851,1656
5.002280701754386,864,1658
5.018954970760234,870,1659
5.035629239766082,853,1652
5.05230350877193,815,1644
5.068977777777778,760,1632
5.0856520467836255,800,1641
5.102326315789473,769,1633
5.119000584795321,789,1637
5.135674853801169,788,1636
5.152349122807017,771,1634
5.169023391812865,789,1638
5.185697660818713,777,1634
5.202371929824561,790,1638
5.2190461988304095,771,1633
5.235720467836257,772,1632
5.252394736842105,794,1636
5.269069005847953,814,1640
5.285743274853801,828,1644
5.302417543859649,836,1646
5.319091812865497,835,1645
5.335766081871345,834,1645
5.352440350877193,835,1644
5.369114619883041,838,1645
5.3857888888888885,831,1642
5.402463157894736,817,1637
5.419137426900584,776,1627
5.435811695906432,770,1625
5.45248596491228,792,1630
5.469160233918128,775,1624
5.485834502923977,784,1626
5.502508771929825,787,1626
5.519183040935673,767,1622
5.5358573099415205,791,1625
5.552531578947368,797,1626
5.569205847953216,789,1623
5.585880116959064,795,1622
5.602554385964912,799,1621
5.61922865497076,803,1620
5.635902923976608,804,1619
5.652577192982456,811,1620
5.669251461988304,820,1621
5.6859257309941516,828,1622
5.7025999999999994,835,1623
5.719274269005847,838,1623
5.735948538011695,844,1623
5.752622807017544,853,1621
5.769297076023392,847,1621
5.78597134502924,824,1616
5.802645614035088,804,1610
5.819319883040936,798,1609
5.8359941520467835,799,1606
5.852668421052631,800,1604
5.869342690058479,816,1609
5.886016959064327,799,1603
5.902691228070175,804,1603
5.919365497076023,807,1601
5.936039766081871,818,1602
5.952714035087719,834,1605
5.969388304093567,834,1604
5.986062573099415,826,1601
6.0027368421052625,823,1598
6.019411111111111,818,1595
6.036085380116959,820,1594
6.052759649122807,825,1596
6.069433918128655,828,1595
6.086108187134503,815,1590
6.102782456140351,809,1588
6.119456725146199,818,1588
6.1361309941520465,814,1586
6.1528052631578944,807,1583
6.169479532163742,814,1584
6.18615380116959,805,1580
6.202828070175438,808,1578
6.219502339181286,802,1575
6.236176608187134,803,1573
6.252850877192982,800,1571
6.26952514619883,797,1570
6.2861994152046785,801,1570
6.302873684210526,800,1570
6.319547953216374,799,1569
6.336222222222222,797,1568
6.35289649122807,799,1569
6.369570760233918,805,1571
6.386245029239766,811,1572
6.402919298245614,809,1572
6.419593567251462,792,1567
6.43626783625731,800,1571
6.4529421052631575,793,1568
6.469616374269005,793,1569
6.486290643274853,792,1567
6.502964912280701,786,1565
6.519639181286549,787,1566
6.536313450292397,776,1564
6.552987719298246,790,1568
6.569661988304094,778,1567
6.5863362573099415,797,1571
6.603010526315789,786,1568
6.619684795321637,788,1569
6.636359064327485,805,1573
6.653033333333333,796,1571
6.669707602339181,788,1569
6.686381871345029,801,1571
6.703056140350877,797,1570
6.719730409356725,790,1566
6.736404678362573,800,1570
6.7530789473684205,800,1568
6.769753216374268,795,1566
6.786427485380116,805,1568
6.803101754385964,797,1565
6.819776023391813,801,1565
6.836450292397661,804,1566
6.853124561403509,798,1563
6.869798830409357,801,1565
6.886473099415205,805,1566
6.9031473684210525,800,1563
6.9198216374269,800,1563
6.936495906432748,805,1565
6.953170175438596,802,1563
6.969844444444444,802,1563
6.986518713450292,805,1563
7.00319298245614,804,1562
7.019867251461988,804,1560
7.036541520467836,804,1560
7.0532157894736836,804,1560
7.0698900584795314,803,1559
7.08656432748538,801,1559
7.103238596491228,799,1559
7.119912865497076,794,1569
7.136587134502924,793,1565
7.153261403508772,792,1559
7.16993567251462,789,1568
7.186609941520468,787,1567
7.2032842105263155,789,1556
7.219958479532163,790,1552
7.236632748538011,788,1559
7.253307017543859,788,1557
7.269981286549707,788,1558
7.286655555555555,788,1557
7.303329824561403,788,1556
7.320004093567251,788,1554
7.336678362573099,787,1556
7.3533526315789475,786,1554
7.370026900584795,785,1559
7.386701169590643,785,1560
7.403375438596491,786,1561
7.420049707602339,789,1558
7.436723976608187,790,1558
7.453398245614035,791,1557
7.470072514619883,791,1556
7.486746783625731,791,1554
7.5034210526315785,794,1544
7.5200953216374264,795,1545
7.536769590643274,794,1545
7.553443859649122,795,1543
7.57011812865497,794,1547
7.586792397660818,796,1541
7.603466666666666,796,1543
7.620140935672515,797,1538
7.636815204678363,797,1539
7.6534894736842105,796,1540
7.670163742690058,796,1538
7.686838011695906,796,1538
7.703512280701754,795,1536
7.720186549707602,796,1535
7.73686081871345,795,1535
7.753535087719298,797,1535
7.770209356725146,796,1534
7.786883625730994,794,1545
7.803557894736842,794,1545
7.8202321637426895,794,1545
7.836906432748537,793,1544
7.853580701754385,792,1546
7.870254970760233,792,1544
7.886929239766082,792,1545
7.90360350877193,792,1545
7.920277777777778,793,1543
7.936952046783626,793,1542
7.9536263157894735,793,1543
7.970300584795321,793,1542
7.986974853801169,793,1542
8.003649122807017,795,1543
8.020323391812866,795,1541
8.036997660818713,796,1540
8.053671929824562,796,1541
8.070346198830409,797,1541
8.087020467836258,796,1541
8.103694736842105,796,1542
8.120369005847953,796,1543
8.1370432748538,798,1542
8.15371754385965,798,1543
8.170391812865496,799,1543
8.187066081871345,799,1543
8.203740350877192,799,1543
8.22041461988304,798,1543
8.237088888888888,797,1543
8.253763157894737,796,1543
8.270437426900584,794,1542
8.287111695906432,793,1543
8.303785964912281,792,1543
8.320460233918128,792,1543
8.337134502923977,792,1543
8.353808771929824,790,1544
8.370483040935673,790,1545
8.38715730994152,789,1546
8.403831578947369,789,1545
8.420505847953216,788,1544
8.437180116959064,787,1544
8.453854385964911,785,1544
8.47052865497076,783,1545
8.487202923976607,784,1541
8.503877192982456,781,1544
8.520551461988303,780,1542
8.537225730994152,780,1542
8.5539,780,1541
8.570574269005848,780,1542
8.587248538011696,780,1542
8.603922807017543,779,1542
8.620597076023392,778,1541
8.637271345029239,778,1543
8.653945614035088,777,1543
8.670619883040935,776,1543
8.687294152046784,773,1547
8.70396842105263,772,1545
8.72064269005848,770,1546
8.737316959064326,774,1532
8.753991228070175,766,1546
8.770665497076022,765,1544
8.787339766081871,764,1544
8.804014035087718,763,1542
8.820688304093567,767,1527
8.837362573099416,761,1542
8.854036842105263,761,1543
8.870711111111111,762,1544
8.887385380116958,761,1547
8.904059649122807,760,1550
8.920733918128654,760,1550
8.937408187134503,758,1554
8.95408245614035,759,1553
8.970756725146199,759,1554
8.987430994152046,759,1557
9.004105263157895,759,1556
9.020779532163742,758,1558
9.03745380116959,758,1558
9.054128070175437,756,1557
9.070802339181286,757,1558
9.087476608187135,756,1558
9.104150877192982,756,1557
9.12082514619883,756,1558
9.137499415204678,755,1557
9.154173684210527,754,1558
9.170847953216374,755,1557
9.187522222222222,756,1557
9.20419649122807,755,1558
9.220870760233918,755,1559
9.237545029239765,756,1559
9.254219298245614,757,1561
9.270893567251461,758,1561
9.28756783625731,757,1563
9.304242105263157,760,1564
9.320916374269006,760,1565
9.337590643274853,772,1556
9.354264912280701,778,1581
9.37093918128655,778,1578
9.387613450292397,787,1568
9.404287719298246,793,1582
9.420961988304093,807,1574
9.437636257309942,817,1592
9.454310526315789,825,1579
9.470984795321638,844,1584
9.487659064327485,858,1592
9.504333333333333,876,1591
9.52100760233918,896,1598
9.537681871345029,912,1600
9.554356140350876,936,1603
9.571030409356725,950,1603
9.587704678362572,972,1605
9.60437894736842,992,1604
9.62105321637427,1010,1604
9.637727485380116,1032,1604
9.654401754385965,1051,1604
9.671076023391812,1073,1601
9.687750292397661,1090,1600
9.704424561403508,1103,1598
9.721098830409357,1118,1594
9.737773099415204,1135,1593
9.754447368421053,1146,1587
9.7711216374269,1153,1586
9.787795906432748,1164,1582
9.804470175438595,1176,1582
9.821144444444444,1180,1580
9.837818713450291,1184,1579
9.85449298245614,1187,1578
9.871167251461987,1188,1579
9.887841520467836,1188,1579
9.904515789473685,1187,1577
9.921190058479532,1184,1578
9.93786432748538,1180,1578
9.954538596491227,1175,1580
9.971212865497076,1166,1580
9.987887134502923,1158,1583
10.004561403508772,1144,1586
10.021235672514619,1132,1590
10.037909941520468,1123,1590
10.054584210526315,1102,1594
10.071258479532164,1081,1598
10.08793274853801,1069,1597
10.10460701754386,1044,1602
10.121281286549706,1023,1600
10.137955555555555,1007,1601
10.154629824561404,981,1601
10.171304093567251,962,1601
10.1879783625731,948,1601
10.204652631578947,921,1600
10.221326900584796,900,1597
10.238001169590643,888,1596
10.254675438596491,867,1590
10.271349707602338,851,1589
10.288023976608187,836,1583
10.304698245614034,818,1577
10.321372514619883,812,1575
10.33804678362573,801,1573
10.354721052631579,788,1568
10.371395321637426,787,1566
10.388069590643275,779,1565
10.404743859649122,776,1565
10.42141812865497,776,1564
10.438092397660819,774,1564
10.454766666666666,776,1564
10.471440935672515,778,1564
10.488115204678362,780,1566
10.50478947368421,787,1567
10.521463742690058,792,1569
10.538138011695906,803,1572
10.554812280701753,812,1574
10.571486549707602,823,1577
10.58816081871345,838,1581
10.604835087719298,851,1584
10.621509356725145,866,1587
10.638183625730994,884,1591
10.65485789473684,897,1594
10.67153216374269,912,1595
10.688206432748538,931,1596
10.704880701754385,945,1596
10.721554970760234,956,1597
10.738229239766081,977,1597
10.75490350877193,1005,1597
10.771577777777777,1022,1596
10.788252046783626,1043,1596
10.804926315789473,1065,1592
10.821600584795322,1077,1592
10.838274853801169,1086,1592
10.854949122807017,1103,1588
10.871623391812864,1117,1586
10.888297660818713,1124,1586
10.90497192982456,1134,1582
10.921646198830409,1140,1584
10.938320467836256,1140,1583
10.954994736842105,1157,1579
10.971669005847954,1157,1580
10.9883432748538,1157,1580
11.00501754385965,1161,1582
11.021691812865496,1160,1585
11.038366081871345,1160,1585
11.055040350877192,1157,1593
11.071714619883041,1150,1585
11.088388888888888,1140,1586
11.105063157894737,1128,1590
11.121737426900584,1119,1593
11.138411695906433,1104,1596
11.15508596491228,1092,1600
11.171760233918128,1074,1603
11.188434502923975,1058,1604
11.205108771929824,1040,1606
11.221783040935673,1020,1607
11.23845730994152,1002,1608
11.255131578947369,983,1608
11.271805847953216,966,1609
11.288480116959065,947,1611
11.305154385964912,920,1610
11.32182865497076,899,1609
11.338502923976607,885,1608
11.355177192982456,867,1608
11.371851461988303,852,1604
11.388525730994152,836,1602
11.405199999999999,824,1599
11.421874269005848,814,1596
11.438548538011695,800,1594
11.455222807017543,794,1591
11.47189707602339,782,1589
11.48857134502924,774,1588
11.505245614035088,770,1586
11.521919883040935,765,1586
11.538594152046784,764,1585
11.55526842105263,762,1584
11.57194269005848,762,1584
11.588616959064327,762,1584
11.605291228070175,767,1586
11.621965497076022,770,1587
11.638639766081871,778,1588
11.655314035087718,784,1590
11.671988304093567,794,1590
11.688662573099414,803,1592
11.705336842105263,817,1594
11.72201111111111,829,1596
11.738685380116959,842,1597
11.755359649122807,858,1601
11.772033918128654,876,1605
11.788708187134503,889,1606
11.80538245614035,903,1625
11.822056725146199,911,1626
11.838730994152046,927,1610
11.855405263157895,968,1609
11.872079532163742,983,1623
11.88875380116959,1003,1609
11.905428070175438,1021,1609
11.922102339181286,1033,1607
11.938776608187133,1058,1614
11.955450877192982,1068,1604
11.97212514619883,1077,1599
11.988799415204678,1096,1607
12.005473684210525,1106,1597
12.022147953216374,1115,1599
12.038822222222223,1121,1594
12.05549649122807,1132,1600
12.072170760233918,1137,1603
12.088845029239765,1143,1595
12.105519298245614,1151,1605
12.122193567251461,1151,1606
12.13886783625731,1152,1607
12.155542105263157,1151,1608
12.172216374269006,1150,1604
12.188890643274853,1143,1591
12.205564912280702,1135,1592
12.222239181286549,1128,1594
12.238913450292397,1122,1596
12.255587719298244,1110,1595
12.272261988304093,1097,1598
12.288936257309942,1086,1604
12.305610526315789,1071,1604
12.322284795321638,1057,1606
12.338959064327485,1042,1606
12.355633333333333,1026,1606
12.37230760233918,1010,1608
12.38898187134503,992,1608
12.405656140350876,974,1607
12.422330409356725,957,1608
12.439004678362572,940,1607
12.45567894736842,925,1605
12.472353216374268,909,1603
12.489027485380117,894,1602
12.505701754385964,881,1599
12.522376023391812,869,1596
12.53905029239766,855,1597
12.555724561403508,844,1592
12.572398830409357,835,1590
12.589073099415204,829,1588
12.605747368421053,822,1585
12.6224216374269,818,1586
12.639095906432749,815,1584
12.655770175438596,814,1584
12.672444444444444,814,1583
12.689118713450291,814,1582
12.70579298245614,816,1583
12.722467251461987,818,1584
12.739141520467836,824,1585
12.755815789473683,829,1587
12.772490058479532,836,1588
12.789164327485379,843,1589
12.805838596491228,851,1591
12.822512865497076,866,1594
12.839187134502923,876,1597
12.855861403508772,890,1597
12.87253567251462,905,1602
12.889209941520468,915,1604
12.905884210526315,934,1606
12.922558479532164,954,1607
12.93923274853801,967,1607
12.95590701754386,989,1610
12.972581286549707,1009,1607
12.989255555555555,1023,1608
13.005929824561402,1042,1608
13.022604093567251,1060,1624
13.039278362573098,1077,1630
13.055952631578947,1092,1606
13.072626900584794,1103,1605
13.089301169590643,1112,1604
13.105975438596492,1125,1601
13.122649707602339,1138,1599
13.139323976608187,1148,1602
13.155998245614034,1152,1598
13.172672514619883,1162,1594
13.18934678362573,1166,1595
13.206021052631579,1165,1593
13.222695321637426,1168,1593
13.239369590643275,1175,1592
13.256043859649122,1176,1592
13.27271812865497,1174,1591
13.289392397660817,1173,1591
13.306066666666666,1169,1592
13.322740935672513,1167,1593
13.339415204678362,1163,1595
13.35608947368421,1154,1598
13.372763742690058,1146,1600
13.389438011695907,1134,1601
13.406112280701754,1118,1603
13.422786549707602,1105,1603
13.43946081871345,1090,1606
13.456135087719298,1075,1605
13.472809356725145,1061,1606
13.489483625730994,1046,1605
13.506157894736841,1029,1606
13.52283216374269,1010,1604
13.539506432748537,991,1605
13.556180701754386,975,1603
13.572854970760233,959,1601
13.589529239766081,946,1600
13.606203508771928,932,1598
13.622877777777777,918,1595
13.639552046783626,908,1593
13.656226315789473,896,1591
13.672900584795322,879,1588
13.689574853801169,867,1585
13.706249122807018,860,1585
13.722923391812865,851,1582
13.739597660818713,843,1580
13.75627192982456,840,1580
13.77294619883041,837,1579
13.789620467836256,835,1579
13.806294736842105,835,1580
13.822969005847952,835,1580
13.8396432748538,836,1580
13.856317543859648,837,1581
13.872991812865497,841,1583
13.889666081871345,844,1583
13.906340350877192,847,1585
13.923014619883041,854,1586
13.939688888888888,867,1590
13.956363157894737,871,1591
13.973037426900584,887,1592
13.989711695906433,902,1599
14.00638596491228,908,1598
14.023060233918129,927,1601
14.039734502923976,945,1604
14.056408771929824,957,1604
14.073083040935671,973,1605
14.08975730994152,980,1606
14.106431578947367,997,1604
14.123105847953216,1018,1606
14.139780116959063,1027,1604
14.156454385964912,1038,1618
14.17312865497076,1052,1605
14.189802923976607,1065,1603
14.206477192982456,1075,1617
14.223151461988303,1077,1616
14.239825730994152,1081,1615
14.256499999999999,1083,1606
14.273174269005848,1084,1607
14.289848538011695,1086,1604
14.306522807017544,1088,1604
14.32319707602339,1091,1605
14.33987134502924,1096,1614
14.356545614035086,1096,1606
14.373219883040935,1095,1603
14.389894152046782,1096,1603
14.406568421052631,1096,1601
14.42324269005848,1096,1599
14.439916959064327,1096,1598
14.456591228070176,1097,1609
14.473265497076023,1095,1601
14.489939766081871,1095,1613
14.506614035087718,1088,1605
14.523288304093567,1076,1606
14.539962573099414,1065,1607
14.556636842105263,1053,1607
14.57331111111111,1040,1607
14.589985380116959,1028,1608
14.606659649122806,1014,1606
14.623333918128655,999,1606
14.640008187134502,983,1608
14.65668245614035,968,1606
14.673356725146197,955,1605
14.690030994152046,941,1603
14.706705263157895,928,1602
14.723379532163742,919,1602
14.74005380116959,906,1601
14.756728070175438,895,1598
14.773402339181287,888,1596
14.790076608187134,878,1596
14.806750877192982,872,1593
14.82342514619883,868,1592
14.840099415204678,861,1591
14.856773684210525,859,1590
14.873447953216374,856,1590
14.890122222222221,853,1587
14.90679649122807,853,1587
14.923470760233917,853,1587
14.940145029239766,853,1587
14.956819298245614,855,1589
14.973493567251461,858,1589
14.99016783625731,863,1590
15.006842105263157,868,1591
15.023516374269006,874,1594
15.040190643274853,880,1596
15.056864912280702,896,1595
15.073539181286549,906,1597
15.090213450292397,913,1598
15.106887719298244,935,1600
15.123561988304093,946,1613
15.14023625730994,963,1603
15.156910526315789,978,1616
15.173584795321636,989,1602
15.190259064327485,1002,1601
15.206933333333332,1005,1601
15.22360760233918,1040,1600
15.24028187134503,1057,1601
15.256956140350876,1064,1600
15.273630409356725,1087,1600
15.290304678362572,1094,1598
15.306978947368421,1112,1597
15.323653216374268,1123,1591
15.340327485380117,1126,1594
15.357001754385964,1139,1591
15.373676023391813,1144,1604
15.39035029239766,1151,1587
15.407024561403508,1161,1586
15.423698830409355,1160,1588
15.440373099415204,1167,1585
15.457047368421051,1167,1585
15.4737216374269,1163,1584
15.490395906432749,1163,1586
15.507070175438596,1157,1585
15.523744444444445,1154,1585
15.540418713450292,1149,1586
15.55709298245614,1140,1586
15.573767251461987,1136,1588
15.590441520467836,1126,1591
15.607115789473683,1117,1591
15.623790058479532,1107,1591
15.640464327485379,1094,1591
15.657138596491228,1084,1592
15.673812865497075,1069,1593
15.690487134502924,1058,1593
15.70716140350877,1043,1593
15.72383567251462,1028,1593
15.740509941520466,1015,1593
15.757184210526315,998,1593
15.773858479532164,983,1593
15.790532748538011,969,1592
15.80720701754386,953,1591
15.823881286549707,941,1588
15.840555555555556,930,1588
15.857229824561403,917,1586
15.873904093567251,910,1584
15.890578362573098,898,1582
15.907252631578947,890,1580
15.923926900584794,883,1580
15.940601169590643,873,1580
15.95727543859649,867,1579
15.973949707602339,861,1577
15.990623976608186,857,1576
16.007298245614034,854,1575
16.02397251461988,853,1576
16.040646783625732,853,1575
16.05732105263158,852,1577
16.073995321637426,852,1578
16.090669590643273,853,1578
16.107343859649124,854,1580
16.12401812865497,857,1581
16.140692397660818,867,1584
16.157366666666665,874,1585
16.174040935672515,876,1604
16.190715204678362,893,1589
16.20738947368421,901,1592
16.224063742690056,912,1593
16.240738011695907,929,1595
16.257412280701754,938,1616
16.2740865497076,947,1597
16.29076081871345,959,1597
16.3074350877193,964,1612
16.324109356725145,978,1596
16.340783625730992,990,1595
16.357457894736843,1016,1595
16.37413216374269,1048,1594
16.390806432748537,1054,1593
16.407480701754384,1062,1592
16.424154970760235,1068,1590
16.44082923976608,1078,1591
16.45750350877193,1091,1593
16.474177777777776,1094,1594
16.490852046783626,1102,1591
16.507526315789473,1108,1603
16.52420058479532,1110,1606
16.540874853801167,1114,1609
16.557549122807018,1111,1604
16.574223391812865,1112,1606
16.59089766081871,1109,1605
16.607571929824562,1108,1605
16.62424619883041,1104,1590
16.640920467836256,1102,1594
16.657594736842103,1098,1591
16.674269005847954,1092,1592
16.6909432748538,1085,1597
16.707617543859648,1078,1597
16.724291812865495,1070,1598
16.740966081871345,1061,1600
16.757640350877193,1052,1600
16.77431461988304,1042,1603
16.790988888888887,1030,1604
16.807663157894737,1019,1604
16.824337426900584,1010,1604
16.84101169590643,994,1603
16.85768596491228,980,1602
16.87436023391813,969,1602
16.891034502923976,953,1603
16.907708771929823,944,1602
16.924383040935673,931,1601
16.94105730994152,922,1600
16.957731578947367,916,1600
16.974405847953214,903,1600
16.991080116959065,901,1599
17.007754385964912,895,1597
17.02442865497076,892,1595
17.041102923976606,889,1594
17.057777192982456,885,1592
17.074451461988303,885,1592
17.09112573099415,883,1592
17.1078,853,1588
17.124474269005848,850,1588
17.141148538011695,852,1588
17.157822807017542,850,1588
17.174497076023393,854,1590
17.19117134502924,853,1589
17.207845614035087,858,1590
17.224519883040934,863,1590
17.241194152046784,872,1590
17.25786842105263,879,1591
17.274542690058478,889,1593
17.291216959064325,899,1598
17.307891228070176,903,1597
17.324565497076023,919,1599
17.34123976608187,929,1599
17.35791403508772,940,1601
17.374588304093567,954,1601
17.391262573099414,964,1602
17.40793684210526,983,1604
17.424611111111112,996,1601
17.44128538011696,1007,1601
17.457959649122806,1021,1602
17.474633918128653,1032,1603
17.491308187134504,1047,1603
17.50798245614035,1057,1602
17.524656725146198,1068,1601
17.541330994152045,1079,1598
17.558005263157895,1088,1596
17.574679532163742,1098,1596
17.59135380116959,1103,1595
17.608028070175436,1108,1593
17.624702339181287,1112,1593
17.641376608187134,1115,1606
17.65805087719298,1117,1608
17.67472514619883,1117,1606
17.69139941520468,1121,1587
17.708073684210525,1128,1603
17.724747953216372,1123,1586
17.741422222222223,1124,1604
17.75809649122807,1122,1603
17.774770760233917,1114,1589
17.791445029239764,1111,1591
17.808119298245614,1103,1591
17.82479356725146,1099,1591
17.84146783625731,1089,1592
17.858142105263155,1083,1592
17.874816374269006,1074,1594
17.891490643274853,1062,1593
17.9081649122807,1054,1593
17.92483918128655,1041,1594
17.941513450292398,1030,1594
17.958187719298245,1017,1593
17.97486198830409,1002,1591
17.991536257309942,992,1594
18.00821052631579,978,1594
18.024884795321636,967,1592
18.041559064327483,954,1592
18.058233333333334,942,1591
18.07490760233918,933,1589
18.091581871345028,921,1588
18.108256140350875,914,1586
18.124930409356725,905,1584
18.141604678362572,896,1582
18.15827894736842,892,1579
18.17495321637427,883,1577
18.191627485380117,879,1575
18.208301754385964,878,1575
18.22497602339181,875,1573
18.24165029239766,874,1573
18.25832456140351,873,1574
18.274998830409356,873,1574
18.291673099415203,872,1575
18.308347368421053,874,1576
18.3250216374269,875,1576
18.341695906432747,879,1578
18.358370175438594,882,1580
18.375044444444445,886,1582
18.39171871345029,892,1583
18.40839298245614,898,1585
18.425067251461986,904,1585
18.441741520467836,911,1587
18.458415789473683,926,1588
18.47509005847953,938,1588
18.49176432748538,945,1589
18.508438596491228,960,1590
18.525112865497075,968,1590
18.541787134502922,982,1588
18.558461403508772,994,1588
18.57513567251462,1004,1591
18.591809941520467,1017,1591
18.608484210526314,1026,1591
18.625158479532164,1037,1591
18.64183274853801,1047,1591
18.658507017543858,1055,1589
18.675181286549705,1063,1588
18.691855555555556,1068,1588
18.708529824561403,1075,1588
18.72520409356725,1080,1587
18.7418783625731,1085,1588
18.758552631578947,1090,1587
18.775226900584794,1092,1587
18.79190116959064,1094,1585
18.808575438596492,1093,1586
18.82524970760234,1094,1585
18.841923976608186,1091,1585
18.858598245614033,1089,1585
18.875272514619883,1087,1587
18.89194678362573,1083,1588
18.908621052631577,1078,1589
18.925295321637424,1072,1587
18.941969590643275,1063,1589
18.958643859649122,1057,1588
18.97531812865497,1048,1588
18.99199239766082,1037,1589
19.008666666666667,1029,1589
19.025340935672514,1019,1588
19.04201520467836,1009,1589
19.05868947368421,997,1589
19.075363742690058,987,1588
19.092038011695905,976,1588
19.108712280701752,963,1590
19.125386549707603,951,1591
19.14206081871345,939,1590
19.158735087719297,929,1589
19.175409356725144,918,1587
19.192083625730994,909,1587
19.20875789473684,901,1585
19.22543216374269,896,1584
19.24210643274854,887,1582
19.258780701754386,880,1581
19.275454970760233,878,1581
19.29212923976608,877,1579
19.30880350877193,875,1578
19.325477777777778,874,1577
19.342152046783625,874,1577
19.35882631578947,875,1577
19.375500584795322,876,1577
19.39217485380117,877,1576
19.408849122807016,875,1575
19.425523391812863,877,1575
19.442197660818714,879,1575
19.45887192982456,882,1576
19.475546198830408,884,1577
19.492220467836255,891,1577
19.508894736842105,898,1579
19.525569005847952,906,1579
19.5422432748538,915,1579
19.55891754385965,924,1579
19.575591812865497,934,1580
19.592266081871344,941,1581
19.60894035087719,951,1581
19.62561461988304,966,1581
19.64228888888889,981,1582
19.658963157894735,991,1580
19.675637426900582,1005,1581
19.692311695906433,1017,1581
19.70898596491228,1028,1581
19.725660233918127,1036,1580
19.742334502923974,1045,1580
19.759008771929825,1056,1578
19.77568304093567,1062,1577
19.79235730994152,1070,1576
19.80903157894737,1078,1576
19.825705847953216,1082,1576
19.842380116959063,1088,1576
19.85905438596491,1090,1576
19.87572865497076,1095,1576
19.892402923976608,1097,1575
19.909077192982455,1096,1573
19.925751461988302,1097,1575
19.942425730994152,1096,1572
19.9591,1096,1571
19.975774269005846,1094,1569
19.992448538011693,1092,1568
20.009122807017544,1088,1568
20.02579707602339,1084,1567
20.042471345029238,1079,1567
20.05914561403509,1073,1566
20.075819883040936,1063,1568
20.092494152046783,1053,1569
20.10916842105263,1044,1570
20.12584269005848,1036,1570
20.142516959064327,1026,1569
20.159191228070174,1015,1570
20.17586549707602,1005,1568
20.19253976608187,996,1567
20.20921403508772,982,1567
20.225888304093566,974,1567
20.242562573099413,967,1568
20.259236842105263,958,1566
20.27591111111111,957,1564
20.292585380116957,948,1564
20.309259649122808,914,1562
20.325933918128655,903,1559
20.342608187134502,900,1559
20.35928245614035,888,1557
20.3759567251462,885,1557
20.392630994152046,878,1557
20.409305263157894,872,1556
20.42597953216374,869,1556
20.44265380116959,864,1555
20.459328070175438,863,1555
20.476002339181285,862,1555
20.492676608187132,861,1554
20.509350877192983,861,1555
20.52602514619883,862,1555
20.542699415204677,864,1556
20.559373684210524,867,1556
20.576047953216374,870,1556
20.59272222222222,873,1557
20.60939649122807,878,1557
20.62607076023392,884,1558
20.642745029239766,891,1558
20.659419298245613,900,1558
20.67609356725146,908,1559
20.69276783625731,918,1561
20.709442105263157,928,1561
20.726116374269004,936,1562
20.74279064327485,945,1562
20.759464912280702,953,1562
20.77613918128655,961,1561
20.792813450292396,969,1561
20.809487719298243,973,1561
20.826161988304094,991,1563
20.84283625730994,1003,1563
20.859510526315788,1008,1563
20.876184795321638,1021,1564
20.892859064327485,1026,1565
20.909533333333332,1030,1565
20.92620760233918,1039,1563
20.94288187134503,1040,1562
20.959556140350877,1045,1564
20.976230409356724,1049,1563
20.99290467836257,1049,1563
21.00957894736842,1051,1563
21.02625321637427,1051,1563
21.042927485380115,1051,1563
21.059601754385962,1051,1562
21.076276023391813,1050,1564
21.09295029239766,1050,1563
21.109624561403507,1047,1563
21.126298830409358,1046,1563
21.142973099415205,1041,1564
21.15964736842105,1037,1565
21.1763216374269,1028,1565
21.19299590643275,1021,1566
21.209670175438596,1013,1566
21.226344444444443,1006,1565
21.24301871345029,997,1565
21.25969298245614,987,1566
21.276367251461988,981,1566
21.293041520467835,974,1564
21.30971578947368,962,1565
21.326390058479532,952,1563
21.34306432748538,942,1565
21.359738596491226,932,1565
21.376412865497077,925,1565
21.393087134502924,913,1565
21.40976140350877,906,1565
21.426435672514618,900,1566
21.44310994152047,894,1564
21.459784210526315,887,1564
21.476458479532162,879,1563
21.49313274853801,875,1560
21.50980701754386,870,1559
21.526481286549707,867,1558
21.543155555555554,864,1557
21.5598298245614,863,1556
21.57650409356725,863,1556
21.5931783625731,865,1555
21.609852631578946,867,1556
21.626526900584793,868,1556
21.643201169590643,871,1556
21.65987543859649,874,1556
21.676549707602337,879,1558
21.693223976608188,883,1558
21.709898245614035,889,1558
21.726572514619882,896,1559
21.74324678362573,903,1558
21.75992105263158,911,1559
21.776595321637426,919,1559
21.793269590643273,927,1559
21.80994385964912,937,1557
21.82661812865497,946,1558
21.843292397660818,955,1557
21.859966666666665,963,1558
21.876640935672512,973,1559
21.893315204678363,976,1558
21.90998947368421,987,1557
21.926663742690057,1011,1559
21.943338011695907,1014,1559
21.960012280701754,1024,1559
21.9766865497076,1039,1558
21.993360818713448,1041,1558
22.0100350877193,1056,1559
22.026709356725146,1060,1558
22.043383625730993,1066,1558
22.06005789473684,1076,1555
22.07673216374269,1077,1554
22.093406432748537,1083,1554
22.110080701754384,1084,1552
22.12675497076023,1085,1552
22.143429239766082,1088,1552
22.16010350877193,1088,1551
22.176777777777776,1089,1550
22.193452046783626,1089,1551
22.210126315789473,1090,1551
22.22680058479532,1089,1551
22.243474853801168,1087,1552
22.260149122807018,1082,1552
22.276823391812865,1078,1551
22.293497660818712,1072,1551
22.31017192982456,1067,1550
22.32684619883041,1062,1551
22.343520467836257,1054,1551
22.360194736842104,1046,1549
22.37686900584795,1039,1549
22.3935432748538,1032,1548
22.41021754385965,1023,1547
22.426891812865495,1016,1547
22.443566081871346,1005,1548
22.460240350877193,994,1548
22.47691461988304,988,1546
22.493588888888887,977,1547
22.510263157894737,970,1547
22.526937426900584,962,1546
22.54361169590643,952,1546
22.56028596491228,948,1545
22.57696023391813,941,1544
22.593634502923976,937,1544
22.610308771929823,934,1543
22.62698304093567,928,1542
22.64365730994152,924,1542
22.660331578947368,923,1541
22.677005847953215,920,1540
22.69368011695906,919,1540
22.710354385964912,917,1541
22.72702865497076,917,1540
22.743702923976606,917,1541
22.760377192982457,918,1543
22.777051461988304,920,1541
22.79372573099415,922,1542
22.810399999999998,925,1542
22.82707426900585,928,1542
22.843748538011695,935,1543
22.860422807017542,939,1543
22.87709707602339,944,1544
22.89377134502924,949,1544
22.910445614035087,955,1544
22.927119883040934,964,1545
22.94379415204678,973,1546
22.96046842105263,977,1547
22.97714269005848,985,1547
22.993816959064326,997,1546
23.010491228070176,1001,1543
23.027165497076023,1014,1544
23.04383976608187,1019,1545
23.060514035087717,1027,1544
23.077188304093568,1037,1544
23.093862573099415,1037,1544
23.11053684210526,1048,1544
23.12721111111111,1050,1544
23.14388538011696,1053,1544
23.160559649122806,1057,1542
23.177233918128653,1059,1543
23.1939081871345,1063,1542
23.21058245614035,1064,1541
23.227256725146198,1066,1541
23.243930994152045,1066,1541
23.260605263157895,1064,1540
23.277279532163742,1064,1540
23.29395380116959,1062,1539
23.310628070175436,1060,1539
23.327302339181287,1059,1539
23.343976608187134,1058,1540
23.36065087719298,1056,1541
23.377325146198828,1052,1541
23.39399941520468,1050,1541
23.410673684210526,1045,1542
23.427347953216373,1037,1543
23.44402222222222,1031,1542
23.46069649122807,1026,1542
23.477370760233917,1019,1542
23.494045029239764,1011,1541
23.510719298245615,1004,1540
23.527393567251462,994,1538
23.54406783625731,985,1537
23.560742105263156,978,1535
23.577416374269006,968,1533
23.594090643274853,964,1532
23.6107649122807,957,1533
23.627439181286547,948,1532
23.644113450292398,945,1532
23.660787719298245,936,1533
23.677461988304092,930,1534
23.69413625730994,925,1535
23.71081052631579,919,1536
23.727484795321637,917,1535
23.744159064327484,912,1535
23.76083333333333,908,1533
23.77750760233918,908,1533
23.794181871345028,906,1532
23.810856140350875,906,1531
23.827530409356726,906,1531
23.844204678362573,907,1531
23.86087894736842,910,1531
23.877553216374267,911,1531
23.894227485380117,915,1533
23.910901754385964,917,1533
23.92757602339181,921,1534
23.94425029239766,925,1535
23.96092456140351,930,1535
23.977598830409356,934,1536
23.994273099415203,941,1536
24.01094736842105,948,1537
24.0276216374269,956,1537
24.044295906432748,963,1537
24.060970175438595,973,1540
24.077644444444445,980,1540
24.094318713450292,985,1540
24.11099298245614,998,1540
24.127667251461986,1000,1537
24.144341520467837,1009,1537
24.161015789473684,1026,1537
24.17769005847953,1028,1537
24.194364327485378,1042,1538
24.21103859649123,1053,1536
24.227712865497075,1055,1539
24.244387134502922,1066,1539
24.26106140350877,1069,1560
24.27773567251462,1075,1539
24.294409941520467,1081,1554
24.311084210526314,1082,1552
24.327758479532164,1087,1538
24.34443274853801,1089,1557
24.36110701754386,1091,1556
24.377781286549705,1092,1558
24.394455555555556,1093,1558
24.411129824561403,1093,1554
24.42780409356725,1093,1555
24.444478362573097,1093,1540
24.461152631578948,1091,1540
24.477826900584795,1089,1541
24.49450116959064,1084,1541
24.51117543859649,1082,1542
24.52784970760234,1078,1542
24.544523976608186,1071,1542
24.561198245614033,1066,1544
24.577872514619884,1058,1543
24.59454678362573,1053,1544
24.611221052631578,1046,1543
24.627895321637425,1040,1544
24.644569590643275,1035,1545
24.661243859649122,1027,1547
24.67791812865497,1022,1546
24.694592397660816,1015,1546
24.711266666666667,1005,1545
24.727940935672514,999,1545
24.74461520467836,994,1545
24.761289473684208,986,1544
24.77796374269006,982,1544
24.794638011695906,977,1543
24.811312280701753,974,1543
24.8279865497076,973,1543
24.84466081871345,968,1542
24.861335087719297,965,1543
24.878009356725144,964,1545
24.894683625730995,962,1546
24.91135789473684,962,1545
24.92803216374269,961,1546
24.944706432748536,961,1544
24.961380701754386,962,1545
24.978054970760233,962,1545
24.99472923976608,964,1545
25.011403508771927,965,1545
25.028077777777778,967,1546
25.044752046783625,970,1547
25.061426315789472,974,1546
25.07810058479532,977,1547
25.09477485380117,981,1548
25.111449122807016,985,1548
25.128123391812863,991,1549
25.144797660818714,998,1548
25.16147192982456,1006,1549
25.178146198830408,1015,1550
25.194820467836255,1018,1550
25.211494736842106,1024,1550
25.228169005847953,1035,1547
25.2448432748538,1040,1567
25.261517543859647,1044,1547
25.278191812865497,1057,1546
25.294866081871344,1059,1546
25.31154035087719,1065,1546
25.32821461988304,1076,1558
25.34488888888889,1079,1548
25.361563157894736,1087,1547
25.378237426900583,1089,1560
25.394911695906433,1093,1547
25.41158596491228,1101,1568
25.428260233918127,1101,1549
25.444934502923974,1102,1550
25.461608771929825,1101,1549
25.478283040935672,1101,1550
25.49495730994152,1100,1548
25.511631578947366,1098,1548
25.528305847953217,1096,1546
25.544980116959064,1095,1547
25.56165438596491,1092,1548
25.578328654970758,1090,1547
25.595002923976608,1087,1548
25.611677192982455,1080,1549
25.628351461988302,1077,1549
25.645025730994153,1072,1550
25.6617,1064,1549
25.678374269005847,1056,1551
25.695048538011694,1049,1551
25.711722807017544,1044,1551
25.72839707602339,1034,1552
25.74507134502924,1028,1552
25.761745614035085,1022,1553
25.778419883040936,1012,1554
25.795094152046783,1006,1554
25.81176842105263,1001,1555
25.828442690058477,991,1555
25.845116959064327,987,1554
25.861791228070174,982,1552
25.87846549707602,974,1553
25.89513976608187,970,1552
25.91181403508772,965,1552
25.928488304093566,961,1551
25.945162573099413,959,1550
25.961836842105264,956,1549
25.97851111111111,956,1548
25.995185380116958,954,1548
26.011859649122805,954,1548
26.028533918128655,954,1549
26.045208187134502,954,1549
26.06188245614035,954,1549
26.078556725146196,954,1549
26.095230994152047,956,1549
26.111905263157894,957,1549
26.12857953216374,959,1549
26.145253801169588,962,1549
26.16192807017544,966,1549
26.178602339181285,970,1551
26.195276608187132,975,1551
26.211950877192983,980,1552
26.22862514619883,985,1551
26.245299415204677,991,1551
26.261973684210524,997,1551
26.278647953216375,1008,1552
26.29532222222222,1012,1554
26.31199649122807,1016,1554
26.328670760233916,1025,1555
26.345345029239766,1035,1553
26.362019298245613,1040,1554
26.37869356725146,1045,1553
26.395367836257307,1057,1554
26.412042105263158,1060,1554
26.428716374269005,1067,1554
26.445390643274852,1078,1553
26.462064912280702,1082,1553
26.47873918128655,1091,1552
26.495413450292396,1092,1553
26.512087719298243,1093,1567
26.528761988304094,1099,1570
26.54543625730994,1101,1569
26.562110526315788,1102,1569
26.578784795321635,1105,1572
26.595459064327486,1106,1572
26.612133333333333,1107,1573
26.62880760233918,1107,1554
26.645481871345027,1107,1572
26.662156140350877,1106,1553
26.678830409356724,1104,1552
26.69550467836257,1102,1552
26.71217894736842,1100,1552
26.72885321637427,1098,1551
26.745527485380116,1095,1552
26.762201754385963,1090,1553
26.778876023391813,1087,1554
26.79555029239766,1083,1554
26.812224561403507,1077,1553
26.828898830409354,1071,1554
26.845573099415205,1066,1553
26.862247368421052,1062,1555
26.8789216374269,1056,1555
26.895595906432746,1051,1556
26.912270175438596,1046,1556
26.928944444444443,1043,1555
26.94561871345029,1039,1555
26.962292982456137,1031,1554
26.978967251461988,1031,1554
26.995641520467835,1028,1555
27.012315789473682,1020,1554
27.028990058479533,1018,1554
27.04566432748538,1016,1552
27.062338596491227,1014,1553
27.079012865497074,1013,1553
27.095687134502924,1011,1552
27.11236140350877,1011,1551
27.12903567251462,1011,1551
27.145709941520465,1012,1550
27.162384210526316,1013,1550
27.179058479532163,1015,1549
27.19573274853801,1015,1550
27.212407017543857,1015,1549
27.229081286549707,1017,1550
27.245755555555554,1017,1549
27.2624298245614,1019,1548
27.279104093567252,1022,1549
27.2957783625731,1025,1549
27.312452631578946,1029,1549
27.329126900584793,1034,1549
27.345801169590644,1042,1548
27.36247543859649,1046,1548
27.379149707602338,1047,1547
27.395823976608185,1053,1547
27.412498245614035,1056,1548
27.429172514619882,1066,1547
27.44584678362573,1072,1547
27.462521052631576,1071,1546
27.479195321637427,1077,1546
27.495869590643274,1084,1545
27.51254385964912,1090,1546
27.52921812865497,1091,1547
27.54589239766082,1099,1546
27.562566666666665,1105,1544
27.579240935672512,1107,1544
27.595915204678363,1113,1544
27.61258947368421,1111,1544
27.629263742690057,1113,1544
27.645938011695904,1113,1543
27.662612280701754,1112,1543
27.6792865497076,1114,1542
27.69596081871345,1113,1541
27.712635087719296,1112,1540
27.729309356725146,1111,1540
27.745983625730993,1111,1540
27.76265789473684,1110,1540
27.77933216374269,1108,1540
27.796006432748538,1104,1540
27.812680701754385,1100,1541
27.82935497076023,1096,1541
27.846029239766082,1092,1542
27.86270350877193,1086,1542
27.879377777777776,1082,1541
27.896052046783623,1076,1541
27.912726315789474,1071,1540
27.92940058479532,1063,1540
27.946074853801168,1056,1540
27.962749122807015,1049,1541
27.979423391812865,1044,1541
27.996097660818712,1037,1542
28.01277192982456,1028,1542
28.029446198830406,1023,1543
28.046120467836257,1018,1542
28.062794736842104,1012,1543
28.07946900584795,1007,1543
28.0961432748538,1003,1543
28.11281754385965,1000,1543
28.129491812865496,993,1543
28.146166081871343,987,1542
28.162840350877193,982,1542
28.17951461988304,980,1542
28.196188888888887,979,1541
28.212863157894734,978,1540
28.229537426900585,978,1540
28.24621169590643,978,1540
28.26288596491228,978,1540
28.279560233918126,976,1540
28.296234502923976,976,1540
28.312908771929823,975,1540
28.32958304093567,975,1540
28.34625730994152,976,1541
28.362931578947368,977,1542
28.379605847953215,979,1542
28.396280116959062,982,1542
28.412954385964913,984,1542
28.42962865497076,986,1541
28.446302923976607,989,1540
28.462977192982454,991,1540
28.479651461988304,995,1540
28.49632573099415,998,1538
28.512999999999998,1007,1537
28.529674269005845,1012,1538
28.546348538011696,1017,1536
28.563022807017543,1027,1534
28.57969707602339,1031,1533
28.59637134502924,1038,1532
28.613045614035087,1043,1533
28.629719883040934,1043,1532
28.64639415204678,1054,1533
28.663068421052632,1057,1535
28.67974269005848,1061,1534
28.696416959064326,1066,1533
28.713091228070173,1067,1534
28.729765497076023,1071,1533
28.74643976608187,1071,1533
28.763114035087717,1071,1533
28.779788304093564,1075,1532
28.796462573099415,1075,1532
28.813136842105262,1076,1532
28.82981111111111,1075,1531
28.84648538011696,1075,1531
28.863159649122807,1075,1531
28.879833918128654,1074,1529
28.8965081871345,1073,1530
28.91318245614035,1072,1530
28.929856725146198,1071,1530
28.946530994152045,1069,1530
28.963205263157892,1067,1530
28.979879532163743,1064,1530
28.99655380116959,1060,1530
29.013228070175437,1057,1531
29.029902339181284,1052,1530
29.046576608187134,1048,1531
29.06325087719298,1044,1531
29.07992514619883,1042,1531
29.096599415204675,1039,1531
29.113273684210526,1036,1532
29.129947953216373,1030,1532
29.14662222222222,1027,1533
29.16329649122807,1024,1532
29.179970760233918,1019,1532
29.196645029239765,1015,1532
29.21331929824561,1013,1531
29.229993567251462,1010,1529
29.24666783625731,1009,1529
29.263342105263156,1009,1529
29.280016374269003,1007,1529
29.296690643274854,1007,1530
29.3133649122807,1007,1530
29.330039181286548,1008,1529
29.346713450292395,1008,1529
29.363387719298245,1009,1528
29.380061988304092,1009,1528
29.39673625730994,1011,1528
29.41341052631579,1011,1528
29.430084795321637,1011,1527
29.446759064327484,1011,1527
29.46343333333333,1013,1527
29.48010760233918,1014,1525
29.49678187134503,1016,1525
29.513456140350876,1020,1525
29.530130409356723,1024,1523
29.546804678362573,1027,1523
29.56347894736842,1031,1524
29.580153216374267,1036,1524
29.596827485380114,1040,1524
29.613501754385965,1043,1524
29.63017602339181,1045,1524
29.64685029239766,1052,1524
29.66352456140351,1056,1522
29.680198830409356,1063,1523
29.696873099415203,1071,1523
29.71354736842105,1072,1523
29.7302216374269,1078,1523
29.746895906432748,1081,1522
29.763570175438595,1083,1523
29.780244444444442,1089,1523
29.796918713450292,1089,1523
29.81359298245614,1091,1523
29.830267251461986,1091,1523
29.846941520467833,1091,1522
29.863615789473684,1093,1522
29.88029005847953,1093,1521
29.896964327485378,1094,1520
29.91363859649123,1094,1520
29.930312865497076,1094,1520
29.946987134502923,1092,1519
29.96366140350877,1092,1518
29.98033567251462,1092,1519
29.997009941520467,1089,1518
30.013684210526314,1088,1517
30.03035847953216,1084,1517
30.04703274853801,1080,1518
30.06370701754386,1077,1517
30.080381286549706,1073,1517
30.097055555555553,1069,1516
30.113729824561403,1065,1516
30.13040409356725,1063,1516
30.147078362573097,1059,1516
30.163752631578944,1055,1518
30.180426900584795,1053,1519
30.197101169590642,1050,1521
30.21377543859649,1045,1520
30.23044970760234,1041,1520
30.247123976608187,1035,1519
30.263798245614034,1029,1517
30.28047251461988,1027,1517
30.29714678362573,1023,1517
30.313821052631578,1023,1517
30.330495321637425,1019,1517
30.347169590643272,1015,1518
30.363843859649123,1015,1517
30.38051812865497,1012,1518
30.397192397660817,1010,1518
30.413866666666664,1009,1518
30.430540935672514,1009,1519
30.44721520467836,1009,1520
30.46388947368421,1010,1521
30.48056374269006,1010,1521
30.497238011695906,1010,1522
30.513912280701753,1009,1522
30.5305865497076,1009,1522
30.54726081871345,1009,1522
30.563935087719297,1009,1521
30.580609356725144,1011,1522
30.59728362573099,1012,1522
30.613957894736842,1014,1522
30.63063216374269,1016,1522
30.647306432748536,1018,1522
30.663980701754383,1021,1522
30.680654970760234,1022,1522
30.69732923976608,1024,1521
30.714003508771928,1027,1523
30.730677777777778,1030,1522
30.747352046783625,1033,1522
30.764026315789472,1038,1523
30.78070058479532,1043,1523
30.79737485380117,1043,1522
30.814049122807017,1045,1522
30.830723391812864,1047,1522
30.84739766081871,1051,1522
30.86407192982456,1055,1522
30.88074619883041,1056,1522
30.897420467836255,1059,1522
30.914094736842102,1062,1522
30.930769005847953,1063,1521
30.9474432748538,1063,1521
30.964117543859647,1065,1522
30.980791812865498,1063,1522
30.997466081871345,1063,1522
31.01414035087719,1063,1523
31.03081461988304,1063,1524
31.04748888888889,1063,1524
31.064163157894736,1063,1524
31.080837426900583,1063,1524
31.09751169590643,1062,1524
31.11418596491228,1061,1524
31.130860233918128,1059,1524
31.147534502923975,1059,1524
31.16420877192982,1057,1525
31.180883040935672,1055,1526
31.19755730994152,1053,1526
31.214231578947366,1049,1525
31.230905847953213,1047,1525
31.247580116959064,1044,1524
31.26425438596491,1042,1524
31.280928654970758,1040,1526
31.29760292397661,1040,1526
31.314277192982455,1038,1527
31.330951461988302,1036,1527
31.34762573099415,1033,1527
31.3643,1029,1526
31.380974269005847,1025,1526
31.397648538011694,1025,1526
31.41432280701754,1021,1525
31.43099707602339,1021,1525
31.44767134502924,1021,1525
31.464345614035086,1023,1525
31.481019883040933,1023,1526
31.497694152046783,1021,1526
31.51436842105263,1019,1527
31.531042690058477,1020,1527
31.547716959064328,1021,1527
31.564391228070175,1020,1527
31.581065497076022,1019,1527
31.59773976608187,1019,1527
31.61441403508772,1019,1527
31.631088304093566,1020,1525
31.647762573099413,1021,1525
31.66443684210526,1025,1525
31.68111111111111,1028,1525
31.697785380116958,1033,1527
31.714459649122805,1038,1526
31.731133918128652,1041,1526
31.747808187134503,1045,1526
31.76448245614035,1047,1525
31.781156725146197,1050,1524
31.797830994152047,1052,1523
31.814505263157894,1055,1523
31.83117953216374,1060,1521
31.847853801169588,1065,1521
31.86452807017544,1071,1521
31.881202339181286,1077,1521
31.897876608187133,1080,1522
31.91455087719298,1083,1522
31.93122514619883,1085,1521
31.947899415204677,1087,1523
31.964573684210524,1091,1523
31.98124795321637,1093,1524
31.997922222222222,1095,1523
32.01459649122807,1098,1523
32.031270760233916,1097,1523
32.04794502923976,1098,1523
32.06461929824561,1097,1524
32.081293567251464,1097,1523
32.09796783625731,1096,1523
32.11464210526316,1096,1523
32.131316374269005,1096,1524
32.14799064327485,1095,1525
32.1646649122807,1094,1525
32.181339181286546,1092,1526
32.19801345029239,1090,1525
32.21468771929825,1088,1525
32.231361988304094,1086,1525
32.24803625730994,1083,1525
32.26471052631579,1080,1524
32.281384795321635,1079,1525
32.29805906432748,1075,1525
32.31473333333333,1073,1524
32.33140760233918,1069,1524
32.34808187134503,1066,1524
32.36475614035088,1062,1524
32.381430409356724,1057,1523
32.39810467836257,1055,1524
32.41477894736842,1051,1523
32.431453216374265,1048,1524
32.44812748538011,1044,1524
32.46480175438597,1039,1524
32.481476023391814,1034,1524
32.49815029239766,1031,1523
32.51482456140351,1027,1525
32.531498830409355,1024,1525
32.5481730994152,1023,1525
32.56484736842105,1021,1525
32.5815216374269,1021,1525
32.59819590643275,1020,1525
32.6148701754386,1019,1525
32.631544444444444,1019,1525
32.64821871345029,1017,1524
32.66489298245614,1017,1524
32.681567251461985,1016,1523
32.69824152046783,1015,1523
32.714915789473686,1014,1523
32.73159005847953,1014,1524
32.74826432748538,1014,1525
32.76493859649123,1014,1526
32.781612865497074,1014,1527
32.79828713450292,1016,1527
32.81496140350877,1019,1529
32.831635672514615,1021,1529
32.84830994152047,1024,1529
32.864984210526316,1025,1529
32.88165847953216,1026,1530
32.89833274853801,1026,1529
32.91500701754386,1028,1527
32.931681286549704,1029,1527
32.94835555555555,1032,1526
32.965029824561405,1035,1525
32.98170409356725,1037,1526
32.9983783625731,1037,1526
33.015052631578946,1039,1525
33.03172690058479,1041,1525
33.04840116959064,1041,1525
33.06507543859649,1045,1526
33.081749707602334,1047,1527
33.09842397660819,1047,1528
33.115098245614035,1047,1527
33.13177251461988,1045,1528
33.14844678362573,1045,1528
33.16512105263158,1043,1527
33.18179532163742,1041,1526
33.19846959064327,1039,1525
33.215143859649125,1038,1525
33.23181812865497,1036,1525
33.24849239766082,1036,1525
33.265166666666666,1036,1525
33.28184093567251,1035,1525
33.29851520467836,1034,1525
33.31518947368421,1032,1525
33.331863742690054,1032,1526
33.34853801169591,1030,1525
33.365212280701755,1027,1525
33.3818865497076,1025,1524
33.39856081871345,1024,1523
33.415235087719296,1023,1521
33.43190935672514,1023,1521
33.44858362573099,1021,1521
33.465257894736844,1021,1521
33.48193216374269,1021,1521
33.49860643274854,1019,1521
33.515280701754385,1018,1521
33.53195497076023,1014,1521
33.54862923976608,1010,1522
33.565303508771926,1007,1523
33.58197777777777,1004,1522
33.59865204678363,1002,1522
33.615326315789474,1001,1522
33.63200058479532,1002,1521
33.64867485380117,1003,1520
33.665349122807015,1002,1521
33.68202339181286,1003,1519
33.69869766081871,1004,1519
33.71537192982456,1004,1518
33.73204619883041,1004,1518
33.74872046783626,1005,1519
33.765394736842104,1006,1519
33.78206900584795,1008,1519
33.7987432748538,1009,1521
33.815417543859645,1011,1522
33.83209181286549,1012,1522
33.84876608187135,1014,1522
33.86544035087719,1014,1522
33.88211461988304,1015,1522
33.89878888888889,1016,1521
33.915463157894735,1017,1522
33.93213742690058,1020,1521
33.94881169590643,1022,1520
33.96548596491228,1023,1520
33.98216023391813,1024,1518
33.99883450292398,1028,1518
34.015508771929824,1030,1517
34.03218304093567,1033,1517
34.04885730994152,1038,1517
34.065531578947365,1041,1517
34.08220584795321,1043,1517
34.098880116959066,1047,1516
34.11555438596491,1048,1515
34.13222865497076,1050,1513
34.14890292397661,1051,1511
34.165577192982454,1053,1509
34.1822514619883,1055,1507
34.19892573099415,1058,1505
34.2156,1059,1504
34.23227426900585,1061,1504
34.248948538011696,1063,1502
34.26562280701754,1063,1502
34.28229707602339,1063,1502
34.29897134502924,1063,1503
34.315645614035084,1063,1503
34.33231988304093,1061,1504
34.348994152046785,1061,1504
34.36566842105263,1061,1503
34.38234269005848,1062,1502
34.399016959064326,1062,1502
34.41569122807017,1061,1502
34.43236549707602,1060,1500
34.44903976608187,1058,1500
34.46571403508772,1056,1498
34.48238830409357,1055,1498
34.499062573099415,1053,1499
34.51573684210526,1053,1499
34.53241111111111,1053,1499
34.549085380116956,1053,1499
34.5657596491228,1051,1499
34.58243391812865,1050,1500
34.599108187134505,1048,1501
34.61578245614035,1046,1500
34.6324567251462,1045,1500
34.649130994152046,1041,1501
34.66580526315789,1038,1499
34.68247953216374,1038,1498
34.69915380116959,1036,1498
34.71582807017544,1036,1498
34.73250233918129,1035,1497
34.749176608187135,1033,1497
34.76585087719298,1031,1496
34.78252514619883,1030,1495
34.799199415204676,1030,1495
34.81587368421052,1031,1496
34.83254795321637,1033,1497
34.849222222222224,1034,1497
34.86589649122807,1034,1495
34.88257076023392,1033,1495
34.899245029239765,1032,1493
34.91591929824561,1032,1493
34.93259356725146,1031,1491
34.949267836257306,1030,1491
34.96594210526315,1032,1490
34.98261637426901,1032,1489
34.999290643274854,1033,1489
35.0159649122807,1035,1488
35.03263918128655,1035,1487
35.049313450292395,1035,1487
35.06598771929824,1034,1485
35.08266198830409,1034,1485
35.09933625730994,1036,1485
35.11601052631579,1039,1485
35.13268479532164,1042,1485
35.149359064327484,1044,1486
35.16603333333333,1046,1486
35.18270760233918,1048,1486
35.199381871345025,1050,1485
35.21605614035087,1053,1484
35.232730409356726,1055,1483
35.24940467836257,1058,1481
35.26607894736842,1061,1481
35.28275321637427,1062,1481
35.299427485380114,1063,1480
35.31610175438596,1063,1480
35.33277602339181,1063,1480
35.34945029239766,1063,1479
35.36612456140351,1063,1479
35.38279883040936,1063,1478
35.399473099415204,1063,1477
35.41614736842105,1063,1478
35.4328216374269,1061,1477
35.449495906432745,1059,1477
35.46617017543859,1056,1476
35.482844444444446,1054,1475
35.49951871345029,1052,1474
35.51619298245614,1049,1474
35.53286725146199,1046,1472
35.549541520467834,1044,1471
35.56621578947368,1042,1469
35.58289005847953,1040,1467
35.59956432748538,1037,1466
35.61623859649123,1035,1465
35.632912865497076,1032,1464
35.64958713450292,1028,1463
35.66626140350877,1024,1462
35.68293567251462,1020,1462
35.699609941520464,1016,1460
35.71628421052631,1011,1458
35.732958479532165,1007,1456
35.74963274853801,1005,1454
35.76630701754386,1004,1453
35.782981286549706,1003,1452
35.79965555555555,1005,1451
35.8163298245614,1005,1449
35.83300409356725,1007,1447
35.8496783625731,1007,1447
35.86635263157895,1007,1446
35.883026900584795,1007,1445
35.89970116959064,1005,1444
35.91637543859649,1003,1443
35.933049707602336,1001,1443
35.94972397660818,999,1442
35.96639824561403,997,1441
35.983072514619884,995,1440
35.99974678362573,993,1438
36.01642105263158,992,1438
36.033095321637425,992,1436
36.04976959064327,992,1436
36.06644385964912,992,1435
36.08311812865497,992,1434
36.09979239766082,991,1434
36.11646666666667,990,1434
36.133140935672515,989,1434
36.14981520467836,989,1434
36.16648947368421,987,1433
36.183163742690056,987,1433
36.1998380116959,988,1433
36.21651228070175,989,1433
36.233186549707604,992,1434
36.24986081871345,994,1435
36.2665350877193,994,1436
36.283209356725145,996,1436
36.29988362573099,998,1436
36.31655789473684,998,1436
36.333232163742686,1000,1437
36.34990643274854,1001,1437
36.36658070175439,1003,1437
36.383254970760234,1004,1437
36.39992923976608,1006,1437
36.41660350877193,1006,1438
36.433277777777775,1007,1438
36.44995204678362,1008,1437
36.46662631578947,1008,1438
36.48330058479532,1009,1438
36.49997485380117,1010,1439
36.51664912280702,1011,1439
36.533323391812864,1012,1439
36.54999766081871,1010,1438
36.56667192982456,1011,1438
36.583346198830405,1011,1436
36.60002046783626,1011,1436
36.616694736842106,1012,1436
36.63336900584795,1012,1436
36.6500432748538,1012,1436
36.66671754385965,1012,1436
36.683391812865494,1011,1436
36.70006608187134,1011,1436
36.71674035087719,1009,1436
36.73341461988304,1007,1435
36.75008888888889,1006,1435
36.76676315789474,1004,1435
36.78343742690058,1001,1434
36.80011169590643,1000,1434
36.81678596491228,1000,1434
36.833460233918125,998,1434
36.85013450292397,998,1434
36.866808771929826,998,1434
36.88348304093567,996,1433
36.90015730994152,997,1432
36.91683157894737,996,1433
36.933505847953214,996,1432
36.95018011695906,996,1433
36.96685438596491,996,1433
36.98352865497076,996,1434
37.00020292397661,996,1434
37.016877192982456,996,1435
37.0335514619883,997,1435
37.05022573099415,998,1435
37.0669,999,1435
37.083574269005844,1000,1435
37.10024853801169,1001,1434
37.116922807017545,1002,1433
37.13359707602339,1002,1432
37.15027134502924,1003,1431
37.166945614035086,1004,1429
37.18361988304093,1005,1429
37.20029415204678,1007,1429
37.21696842105263,1009,1429
37.23364269005848,1011,1429
37.25031695906433,1013,1428
37.266991228070175,1014,1428
37.28366549707602,1015,1428
37.30033976608187,1016,1428
37.317014035087716,1020,1428
37.33368830409356,1020,1427
37.35036257309941,1022,1428
37.367036842105264,1025,1428
37.38371111111111,1028,1427
37.40038538011696,1029,1425
37.417059649122805,1030,1425
37.43373391812865,1031,1425
37.4504081871345,1032,1424
37.467082456140346,1032,1424
37.4837567251462,1032,1421
37.50043099415205,1032,1421
37.517105263157895,1033,1422
37.53377953216374,1034,1420
37.55045380116959,1034,1422
37.567128070175436,1034,1420
37.58380233918128,1036,1420
37.60047660818713,1036,1418
37.617150877192984,1036,1417
37.63382514619883,1034,1416
37.65049941520468,1034,1415
37.667173684210525,1032,1416
37.68384795321637,1030,1414
37.70052222222222,1028,1416
37.717196491228066,1027,1417
37.73387076023392,1026,1417
37.75054502923977,1025,1417
37.767219298245614,1025,1418
37.78389356725146,1023,1418
37.80056783625731,1021,1418
37.817242105263155,1020,1417
37.833916374269,1020,1417
37.85059064327485,1018,1416
37.8672649122807,1015,1415
37.88393918128655,1012,1415
37.9006134502924,1010,1415
37.917287719298244,1008,1415
37.93396198830409,1007,1417
37.95063625730994,1007,1418
37.967310526315785,1007,1419
37.98398479532164,1005,1420
38.000659064327486,1004,1420
38.01733333333333,1003,1420
38.03400760233918,1002,1421
38.05068187134503,1001,1420
38.067356140350874,1000,1418
38.08403040935672,999,1418
38.10070467836257,1000,1417
38.11737894736842,1000,1417
38.13405321637427,1001,1417
38.150727485380116,1002,1416
38.16740175438596,1002,1416
38.18407602339181,1003,1416
38.20075029239766,1004,1416
38.217424561403504,1004,1416
38.23409883040936,1006,1416
38.250773099415206,1006,1416
38.26744736842105,1007,1417
38.2841216374269,1007,1418
38.30079590643275,1007,1418
38.317470175438594,1009,1419
38.33414444444444,1009,1419
38.35081871345029,1011,1418
38.36749298245614,1013,1419
38.38416725146199,1015,1419
38.400841520467836,1016,1420
38.41751578947368,1016,1421
38.43419005847953,1016,1421
38.45086432748538,1014,1421
38.467538596491224,1012,1421
38.48421286549708,1012,1421
38.500887134502925,1010,1422
38.51756140350877,1008,1420
38.53423567251462,1007,1420
38.550909941520466,1006,1422
38.56758421052631,1007,1422
38.58425847953216,1008,1424
38.60093274853801,1008,1425
38.61760701754386,1008,1426
38.63428128654971,1007,1426
38.650955555555555,1006,1428
38.6676298245614,1006,1428
38.68430409356725,1004,1430
38.700978362573096,1004,1430
38.71765263157894,1004,1430
38.7343269005848,1004,1432
38.751001169590644,1003,1431
38.76767543859649,1003,1432
38.78434970760234,1002,1433
38.801023976608185,1001,1433
38.81769824561403,1001,1433
38.83437251461988,999,1432
38.851046783625726,999,1433
38.86772105263158,997,1432
38.88439532163743,995,1432
38.901069590643274,994,1432
38.91774385964912,992,1431
38.93441812865497,992,1431
38.951092397660815,992,1431
38.96776666666666,991,1430
38.98444093567251,991,1431
39.001115204678364,990,1431
39.01778947368421,990,1430
39.03446374269006,989,1431
39.051138011695905,988,1430
39.06781228070175,988,1430
39.0844865497076,988,1431
39.101160818713446,989,1431
39.1178350877193,989,1431
39.13450935672515,990,1431
39.151183625730994,991,1431
39.16785789473684,992,1431
39.18453216374269,993,1431
39.201206432748535,993,1431
39.21788070175438,994,1431
39.23455497076023,994,1431
39.25122923976608,996,1431
39.26790350877193,997,1431
39.28457777777778,998,1431
39.301252046783624,1000,1431
39.31792631578947,1002,1430
39.33460058479532,1004,1429
39.351274853801165,1006,1429
39.36794912280702,1007,1429
39.384623391812866,1008,1429
39.40129766081871,1011,1429
39.41797192982456,1013,1429
39.43464619883041,1015,1429
39.451320467836254,1015,1429
39.4679947368421,1017,1426
39.48466900584795,1017,1425
39.5013432748538,1019,1424
39.51801754385965,1019,1423
39.534691812865496,1021,1423
39.55136608187134,1022,1424
39.56804035087719,1024,1424
39.58471461988304,1025,1425
39.601388888888884,1026,1426
39.61806315789474,1026,1427
39.634737426900585,1026,1427
39.65141169590643,1027,1427
39.66808596491228,1028,1427
39.68476023391813,1028,1428
39.70143450292397,1029,1427
39.71810877192982,1030,1427
39.73478304093567,1029,1427
39.75145730994152,1028,1427
39.76813157894737,1028,1427
39.784805847953216,1027,1427
39.80148011695906,1026,1428
39.81815438596491,1026,1427
39.83482865497076,1025,1427
39.851502923976604,1023,1429
39.86817719298246,1022,1430
39.884851461988305,1021,1432
39.90152573099415,1021,1431
39.9182,1021,1432
39.934874269005846,1021,1432
39.95154853801169,1020,1433
39.96822280701754,1018,1433
39.98489707602339,1018,1432
40.00157134502924,1016,1433
40.01824561403509,1016,1433
40.034919883040935,1016,1433
40.05159415204678,1016,1433
40.06826842105263,1015,1434
40.084942690058476,1015,1434
40.10161695906432,1016,1433
40.11829122807018,1016,1433
40.134965497076024,1016,1434
40.15163976608187,1016,1434
40.16831403508772,1015,1434
40.184988304093565,1015,1434
40.20166257309941,1014,1434
40.21833684210526,1014,1434
40.235011111111106,1013,1435
40.25168538011696,1012,1435
40.26835964912281,1012,1435
40.285033918128654,1012,1435
40.3017081871345,1012,1435
40.31838245614035,1012,1435
40.335056725146195,1012,1435
40.35173099415204,1012,1435
40.3684052631579,1013,1435
40.38507953216374,1013,1435
40.40175380116959,1013,1435
40.41842807017544,1014,1435
40.435102339181284,1014,1436
40.45177660818713,1014,1436
40.46845087719298,1014,1436
40.485125146198826,1015,1437
40.50179941520468,1015,1437
40.51847368421053,1017,1437
40.535147953216374,1017,1437
40.55182222222222,1019,1437
40.56849649122807,1019,1437
40.585170760233915,1019,1437
40.60184502923976,1020,1437
40.618519298245616,1020,1437
40.63519356725146,1022,1437
40.65186783625731,1022,1437
40.66854210526316,1022,1437
40.685216374269004,1020,1437
40.70189064327485,1020,1437
40.7185649122807,1020,1435
40.735239181286545,1020,1435
40.7519134502924,1020,1434
40.768587719298246,1020,1433
40.78526198830409,1021,1433
40.80193625730994,1022,1433
40.81861052631579,1022,1433
40.835284795321634,1020,1433
40.85195906432748,1020,1434
40.868633333333335,1018,1435
40.88530760233918,1018,1436
40.90198187134503,1018,1436
40.918656140350876,1017,1438
40.93533040935672,1016,1438
40.95200467836257,1015,1438
40.96867894736842,1014,1438
40.985353216374264,1012,1438
41.00202748538012,1011,1438
41.018701754385965,1009,1438
41.03537602339181,1009,1438
41.05205029239766,1007,1438
41.068724561403506,1006,1438
41.08539883040935,1004,1439
41.1020730994152,1004,1440
41.11874736842105,1002,1441
41.1354216374269,1002,1443
41.15209590643275,1002,1444
41.168770175438596,1001,1444
41.18544444444444,1000,1444
41.20211871345029,998,1444
41.21879298245614,997,1444
41.23546725146198,996,1444
41.25214152046784,994,1444
41.268815789473685,994,1444
41.28549005847953,992,1444
41.30216432748538,991,1442
41.318838596491226,989,1442
41.33551286549707,988,1442
41.35218713450292,988,1442
41.36886140350877,988,1442
41.38553567251462,988,1442
41.40220994152047,988,1442
41.418884210526315,988,1442
41.43555847953216,988,1444
41.45223274853801,988,1444
41.468907017543856,988,1444
41.4855812865497,988,1444
41.50225555555556,988,1444
41.518929824561404,988,1444
41.53560409356725,988,1442
41.5522783625731,988,1442
41.568952631578945,989,1441
41.58562690058479,989,1442
41.60230116959064,989,1442
41.618975438596486,989,1441
41.63564970760234,989,1440
41.65232397660819,991,1440
41.668998245614034,991,1440
41.68567251461988,991,1440
41.70234678362573,992,1440
41.719021052631575,993,1441
41.73569532163742,993,1441
41.752369590643276,994,1441
41.76904385964912,994,1441
41.78571812865497,994,1440
41.80239239766082,994,1440
41.819066666666664,996,1440
41.83574093567251,997,1440
41.85241520467836,998,1440
41.869089473684205,1000,1441
41.88576374269006,1001,1441
41.90243801169591,1001,1441
41.91911228070175,1000,1439
41.9357865497076,1000,1439
41.95246081871345,999,1438
41.969135087719295,1000,1438
41.98580935672514,1000,1438
42.002483625730996,1001,1438
42.01915789473684,1001,1438
42.03583216374269,1000,1439
42.05250643274854,999,1439
42.069180701754384,998,1440
42.08585497076023,997,1439
42.10252923976608,996,1439
42.119203508771925,995,1438
42.13587777777778,995,1438
42.152552046783626,994,1437
42.16922631578947,994,1438
42.18590058479532,995,1437
42.20257485380117,996,1437
42.219249122807014,996,1437
42.23592339181286,996,1437
42.252597660818715,996,1437
42.26927192982456,995,1437
42.28594619883041,994,1437
42.302620467836256,993,1437
42.3192947368421,993,1437
42.33596900584795,994,1437
42.3526432748538,994,1437
42.369317543859644,996,1438
42.3859918128655,997,1438
42.402666081871345,998,1437
42.41934035087719,998,1437
42.43601461988304,1000,1437
42.452688888888886,1000,1437
42.46936315789473,1000,1437
42.48603742690058,1002,1437
42.502711695906434,1002,1437
42.51938596491228,1002,1436
42.53606023391813,1002,1436
42.552734502923975,1002,1436
42.56940877192982,1002,1436
42.58608304093567,1003,1435
42.602757309941516,1004,1435
42.61943157894736,1005,1435
42.63610584795322,1005,1435
42.652780116959065,1006,1435
42.66945438596491,1006,1434
42.68612865497076,1007,1434
42.702802923976606,1007,1433
42.71947719298245,1007,1434
42.7361514619883,1008,1436
42.752825730994154,1009,1436
42.7695,1009,1435
42.78617426900585,1010,1436
42.802848538011695,1011,1435
42.81952280701754,1010,1435
42.83619707602339,1011,1434
42.852871345029236,1010,1435
42.86954561403508,1010,1435
42.88621988304094,1009,1434
42.902894152046784,1009,1435
42.91956842105263,1008,1435
42.93624269005848,1007,1435
42.952916959064325,1007,1435
42.96959122807017,1008,1435
42.98626549707602,1008,1436
43.00293976608187,1009,1435
43.01961403508772,1009,1435
43.03628830409357,1009,1436
43.052962573099414,1009,1436
43.06963684210526,1009,1438
43.08631111111111,1009,1436
43.102985380116955,1007,1436
43.1196596491228,1008,1434
43.136333918128656,1008,1434
43.1530081871345,1008,1434
43.16968245614035,1007,1433
43.1863567251462,1007,1432
43.203030994152044,1008,1431
43.21970526315789,1008,1431
43.23637953216374,1008,1431
43.253053801169585,1007,1431
43.26972807017544,1006,1432
43.286402339181286,1008,1432
43.30307660818713,1008,1433
43.31975087719298,1008,1433
43.33642514619883,1008,1434
43.353099415204674,1008,1434
43.36977368421052,1008,1434
43.386447953216376,1010,1434
43.40312222222222,1010,1434
43.41979649122807,1012,1434
43.43647076023392,1012,1435
43.453145029239764,1012,1436
43.46981929824561,1012,1437
43.48649356725146,1012,1438
43.503167836257305,1012,1439
43.51984210526316,1010,1440
43.536516374269006,1010,1439
43.55319064327485,1010,1439
43.5698649122807,1010,1438
43.58653918128655,1010,1436
43.603213450292394,1010,1436
43.61988771929824,1009,1434
43.636561988304095,1009,1434
43.65323625730994,1009,1433
43.66991052631579,1009,1434
43.686584795321636,1008,1434
43.70325906432748,1007,1434
43.71993333333333,1007,1436
43.73660760233918,1006,1436
43.753281871345024,1005,1438
43.76995614035088,1005,1438
43.786630409356725,1005,1438
43.80330467836257,1003,1438
43.81997894736842,1003,1438
43.836653216374266,1003,1438
43.85332748538011,1002,1437
43.87000175438596,1001,1436
43.886676023391814,1000,1436
43.90335029239766,999,1436
43.92002456140351,997,1436
43.936698830409355,996,1436
43.9533730994152,995,1437
43.97004736842105,994,1438
43.986721637426896,993,1438
44.00339590643274,992,1440
44.0200701754386,992,1441
44.036744444444444,991,1442
44.05341871345029,991,1442
44.07009298245614,991,1442
44.086767251461985,990,1442
44.10344152046783,990,1443
44.12011578947368,991,1443
44.136790058479534,991,1443
44.15346432748538,991,1442
44.17013859649123,991,1442
44.186812865497075,990,1442
44.20348713450292,990,1442
44.22016140350877,990,1443
44.236835672514616,990,1442
44.25350994152046,990,1442
44.27018421052632,990,1442
44.286858479532164,990,1442
44.30353274853801,990,1442
44.32020701754386,991,1442
44.336881286549705,992,1442
44.35355555555555,994,1442
44.3702298245614,996,1441
44.38690409356725,998,1440
44.4035783625731,1000,1440
44.42025263157895,1001,1438
44.436926900584794,1004,1438
44.45360116959064,1005,1439
44.47027543859649,1006,1440
44.486949707602335,1008,1440
44.50362397660818,1008,1441
44.520298245614036,1009,1442
44.53697251461988,1010,1442
44.55364678362573,1010,1442
44.57032105263158,1011,1442
44.586995321637424,1012,1442
44.60366959064327,1014,1442
44.62034385964912,1016,1442
44.63701812865497,1017,1442
44.65369239766082,1018,1442
44.670366666666666,1019,1442
44.68704093567251,1019,1442
44.70371520467836,1019,1442
44.72038947368421,1019,1442
44.737063742690054,1019,1442
44.7537380116959,1019,1442
44.770412280701755,1019,1442
44.7870865497076,1019,1442
44.80376081871345,1019,1442
44.8204350877193,1017,1442
44.83710935672514,1017,1442
44.85378362573099,1017,1442
44.87045789473684,1017,1442
44.88713216374269,1017,1442
44.90380643274854,1019,1442
44.920480701754386,1021,1442
44.93715497076023,1023,1442
44.95382923976608,1024,1442
44.97050350877193,1025,1441
44.987177777777774,1026,1440
45.00385204678362,1027,1440
45.020526315789475,1027,1438
45.03720058479532,1029,1438
45.05387485380117,1029,1437
45.070549122807016,1031,1437
45.08722339181286,1031,1437
45.10389766081871,1032,1436
45.12057192982456,1033,1437
45.13724619883041,1033,1438
45.15392046783626,1033,1437
45.170594736842105,1033,1437
45.18726900584795,1033,1437
45.2039432748538,1032,1438
45.220617543859646,1032,1436
45.23729181286549,1031,1436
45.25396608187134,1031,1436
45.270640350877194,1030,1436
45.28731461988304,1030,1436
45.30398888888889,1030,1438
45.320663157894735,1029,1438
45.33733742690058,1028,1437
45.35401169590643,1028,1438
45.370685964912276,1028,1438
45.38736023391812,1028,1438
45.40403450292398,1028,1439
45.420708771929824,1028,1438
45.43738304093567,1028,1438
45.45405730994152,1028,1438
45.470731578947365,1030,1439
45.48740584795321,1030,1439
45.50408011695906,1030,1439
45.52075438596491,1030,1440
45.53742865497076,1030,1440
45.55410292397661,1030,1439
45.570777192982455,1030,1439
45.5874514619883,1030,1436
45.60412573099415,1030,1437
45.620799999999996,1030,1436
45.63747426900584,1030,1437
45.6541485380117,1030,1436
45.670822807017544,1031,1436
45.68749707602339,1031,1436
45.70417134502924,1032,1435
45.720845614035085,1033,1435
45.73751988304093,1033,1434
45.75419415204678,1034,1434
45.77086842105263,1034,1434
45.78754269005848,1034,1434
45.80421695906433,1034,1434
45.820891228070174,1035,1434
45.83756549707602,1035,1434
45.85423976608187,1035,1434
45.870914035087715,1037,1435
45.88758830409356,1037,1434
45.904262573099416,1038,1435
45.92093684210526,1039,1436
45.93761111111111,1039,1436
45.95428538011696,1040,1436
45.970959649122804,1039,1436
45.98763391812865,1039,1436
46.0043081871345,1037,1435
46.02098245614035,1037,1434
46.0376567251462,1037,1434
46.054330994152046,1036,1433
46.07100526315789,1036,1433
46.08767953216374,1036,1433
46.10435380116959,1037,1433
46.121028070175434,1035,1433
46.13770233918128,1035,1434
46.154376608187135,1035,1434
46.17105087719298,1033,1434
46.18772514619883,1033,1435
46.204399415204676,1033,1435
46.22107368421052,1033,1435
46.23774795321637,1035,1434
46.25442222222222,1035,1434
46.27109649122807,1034,1434
46.28777076023392,1033,1432
46.304445029239766,1033,1432
46.32111929824561,1032,1432
46.33779356725146,1032,1431
46.35446783625731,1032,1431
46.371142105263154,1032,1432
46.387816374269,1032,1432
46.404490643274855,1031,1432
46.4211649122807,1030,1432
46.43783918128655,1028,1432
46.454513450292396,1028,1432
46.47118771929824,1026,1432
46.48786198830409,1026,1433
46.50453625730994,1026,1434
